;;;;;;;;;;;;;;;;;;;
;;;;;;;;;;;;;;;;;;;
;;;;;;;;;;;;;;;;;;;
;;;;;;;;;;;;;;;;;;;
;;;;;"Alle Informationen der bis Dezember 2021 verwendeten Methoden und Imputationen finden sich auf der Hauptseite des (H)VPI unter ""Dokumentationen""/ ""weiterführende Dokumentationen"". ";;;;;;;;;;;;;;
;;;;;;;;;;;;;;;;;;;
DIREKTION VOLKSWIRTSCHAFT - PREISSTATISTIK;;;;;;;;;;;;;;;;;;;
Verbraucherpreisindex - Basis 2020;;;;;https://www.statistik.at/statistiken/volkswirtschaft-und-oeffentliche-finanzen/preise-und-preisindizes/verbraucherpreisindex-vpi/hvpi;;;;;;;;;;;;;;
Indexstände, Veränderungsraten und Einfluss-Ergebnisse nach COICOP-Klassifikation;;;;;;;;;;;;;;;;;;;
sowie für ausgewählte Waren und Dienstleistungen;;;;;;;;;;;;;;;;;;;
;;;;;;;;;;;;;;;;;;;
COICOP 1)-Aggregat;Warencode neu;Aggregats-ebene;Warencode alt;VPI-Positionen;Gewicht für 2022;Indexstand im…;;%-Veränderung gegenüber …;;Einfluss 4) auf Veränderung zu…;;;;;;;;;
;;;;;;;;;;;;;;;;;;;
;;;;;;August 2);Juli 3);Juli;August;Juli;August;;;;;;;;
;;;;;;2022;2022;2022;2021;2022;2021;;;;;;;;
;;;;;;;;;;;;;;;;;;;
0;;0;;Gesamt-Index Österreich;100,00000;112,6;112,6;0,0;9,3;-0,007;9,300;;;;;;;;
01;;1;;NAHRUNGSMITTEL UND ALKOHOLFREIE GETRÄNKE;11,34582;114,0;112,9;1,0;13,1;0,118;1,494;;;;;;;;
011;;2;;Nahrungsmittel;10,12065;114,0;112,8;1,1;13,0;0,109;1,320;;;;;;;;
0111;;3;;Brot und Getreideerzeugnisse;2,04449;113,5;112,3;1,1;12,8;0,022;0,259;;;;;;;;
01111;;4;;Reis;0,05225;106,0;103,6;2,3;7,6;0,001;0,004;;;;;;;;
011110;001900;7;0103;Langkornreis;0,05225;106,0;103,6;2,3;7,6;0,001;0,004;;;;;;;;
01112;;4;;Mehl und andere Getreideerzeugnisse;0,10348;136,4;134,2;1,6;39,8;0,002;0,038;;;;;;;;
011120;002000;7;0106;Weizenmehl;0,10348;136,4;134,2;1,6;39,8;0,002;0,038;;;;;;;;
01113;;4;;Brot;0,96871;113,1;113,2;-0,1;11,3;-0,002;0,109;;;;;;;;
011130;000600;7;0073;Mischbrot;0,21850;114,8;115,3;-0,4;11,9;-0,001;0,026;;;;;;;;
011130;000700;7;0074;Spezialbrot;0,12822;111,0;110,8;0,2;8,2;0,000;0,010;;;;;;;;
011130;000800;7;0075;Weißbrot;0,15435;118,4;118,8;-0,3;15,3;-0,001;0,024;;;;;;;;
011130;000900;7;0076;Semmel;0,14343;112,4;112,1;0,3;9,8;0,000;0,014;;;;;;;;
011130;001000;7;0077;Gebäck;0,21840;110,2;110,2;0,0;9,7;0,000;0,021;;;;;;;;
011130;001100;7;0078;Weckerl zum Fertigbacken;0,05219;111,0;111,6;-0,5;13,6;0,000;0,007;;;;;;;;
011130;001110;7;1042;Laugengebäck;0,05362;113,5;113,3;0,2;12,3;0,000;0,007;;;;;;;;
01114;;4;;Andere Backwaren;0,56329;112,9;109,6;3,0;10,7;0,016;0,061;;;;;;;;
011140;000200;7;0043;Süße Knödel, tiefgekühlt;0,01786;121,1;119,4;1,4;19,7;0,000;0,004;;;;;;;;
011140;001500;7;0087;Kekse mit Schokoladeanteil;0,05580;102,3;99,7;2,6;7,9;0,001;0,004;;;;;;;;
011140;001550;7;1037;Kuchen/ Roulade/ Striezel;0,09116;111,1;109,9;1,1;10,4;0,001;0,010;;;;;;;;
011140;001600;7;0088;Haselnussschnitten;0,03570;111,1;108,4;2,5;8,7;0,001;0,003;;;;;;;;
011140;001700;7;0089;Salzstäbchen;0,01904;115,6;114,9;0,6;11,3;0,000;0,002;;;;;;;;
011140;002300;7;0190;Gebäck mit süßer Füllung;0,23867;114,6;113,6;0,9;10,6;0,002;0,025;;;;;;;;
011140;002400;7;0191;Topfengolatsche;0,10506;111,7;100,4;11,3;11,6;0,011;0,012;;;;;;;;
01115;;4;;Pizza und Quiche;0,07204;115,1;112,6;2,2;16,9;0,002;0,012;;;;;;;;
011150;000100;7;0042;Pizza, tiefgekühlt;0,07204;115,1;112,6;2,2;16,9;0,002;0,012;;;;;;;;
01116;;4;;Teigwaren und Couscous;0,17290;114,1;113,1;0,9;16,1;0,002;0,026;;;;;;;;
011160;000300;7;0045;Fertiggericht, tiefgekühlt;0,04952;111,5;109,5;1,8;12,3;0,001;0,006;;;;;;;;
011160;002100;7;0107;Teigwaren;0,12338;115,2;114,6;0,5;17,9;0,001;0,020;;;;;;;;
01117;;4;;Frühstückscerealien;0,07862;104,6;104,5;0,1;6,8;0,000;0,005;;;;;;;;
011170;001400;7;0086;Müsli;0,07862;104,6;104,5;0,1;6,8;0,000;0,005;;;;;;;;
01118;;4;;Andere Getreideerzeugnisse;0,03320;109,8;108,1;1,6;13,1;0,001;0,004;;;;;;;;
011180;001200;7;1041;Fertigteig;0,03320;109,8;108,1;1,6;13,1;0,001;0,004;;;;;;;;
0112;;3;;Fleisch, Fleischwaren;2,32489;116,1;115,2;0,8;14,3;0,017;0,338;;;;;;;;
01121;;4;;Rind- und Kalbfleisch;0,31695;110,4;108,1;2,1;10,3;0,007;0,033;;;;;;;;
011210;002500;7;0011;Kalbsschnitzel;0,02666;100,2;98,0;2,2;-3,7;0,001;-0,001;;;;;;;;
011210;003100;7;0001;Rindfleisch, Gulasch;0,10966;115,5;113,3;1,9;13,8;0,002;0,015;;;;;;;;
011210;003200;7;0002;Rindsschnitzelfleisch;0,10059;106,8;103,1;3,6;5,0;0,004;0,006;;;;;;;;
011210;003300;7;0003;Rind-Suppenfleisch;0,08004;119,5;118,9;0,5;17,5;0,000;0,014;;;;;;;;
01122;;4;;Schweinefleisch;0,34612;113,1;111,7;1,3;12,4;0,003;0,044;;;;;;;;
011220;003500;7;0006;Bauchfleisch;0,03690;115,4;114,3;1,0;12,5;0,000;0,005;;;;;;;;
011220;003600;7;0007;Schopfbraten;0,07759;109,1;108,6;0,5;8,3;0,000;0,007;;;;;;;;
011220;003700;7;0008;Schweinsschnitzel;0,12035;112,8;110,7;1,9;12,9;0,002;0,016;;;;;;;;
011220;003800;7;0010;Schweinslungenbraten;0,11128;116,3;115,0;1,1;14,7;0,001;0,017;;;;;;;;
01124;;4;;Geflügelfleisch;0,42175;122,4;120,9;1,2;18,3;0,005;0,078;;;;;;;;
011240;004700;7;0026;Brathuhn;0,09321;123,9;122,2;1,4;16,0;0,001;0,015;;;;;;;;
011240;004800;7;0027;Putenbrustfleisch;0,11408;117,7;117,4;0,3;18,1;0,000;0,020;;;;;;;;
011240;004900;7;0035;Hühnerfleisch paniert, tiefgekühlt;0,04028;124,9;122,8;1,7;25,2;0,001;0,010;;;;;;;;
011240;005000;7;0037;Hühnerfilet;0,17418;124,6;122,5;1,7;18,3;0,003;0,032;;;;;;;;
01127;;4;;Fleisch, Fleischwaren, getrocknet, gesalzen, geräuchert;1,01090;114,9;115,1;-0,2;13,2;-0,002;0,135;;;;;;;;
011270;002700;7;0015;Selchfleisch;0,05303;115,7;114,6;1,0;16,3;0,001;0,009;;;;;;;;
011270;002800;7;0016;Speck;0,11342;114,8;115,0;-0,2;13,0;0,000;0,015;;;;;;;;
011270;004000;7;0012;Würstel;0,20648;110,7;109,9;0,7;11,1;0,001;0,023;;;;;;;;
011270;004100;7;0013;Dauerhartwurst;0,09684;113,5;114,0;-0,4;11,8;0,000;0,012;;;;;;;;
011270;004200;7;0018;Schinken vom Schwein;0,23092;113,9;112,6;1,2;13,3;0,003;0,031;;;;;;;;
011270;004300;7;0019;Truthahnextrawurst;0,06282;128,4;133,0;-3,5;19,4;-0,003;0,012;;;;;;;;
011270;004400;7;0021;Extrawurst;0,14407;118,1;120,7;-2,2;15,2;-0,003;0,022;;;;;;;;
011270;004600;7;0022;Salami;0,10332;113,5;114,3;-0,7;10,7;-0,001;0,012;;;;;;;;
01128;;4;;Andere Fleischzubereitungen;0,22917;122,6;120,7;1,6;19,1;0,004;0,047;;;;;;;;
011280;002600;7;0014;Faschiertes;0,14193;128,7;125,6;2,5;20,2;0,004;0,032;;;;;;;;
011280;002900;7;0030;Leberaufstrich;0,04537;114,4;115,3;-0,8;15,3;0,000;0,007;;;;;;;;
011280;003000;7;0031;Rindsgulaschkonserve;0,04187;121,4;120,2;1,0;19,6;0,000;0,008;;;;;;;;
0113;;3;;Fisch;0,34928;111,9;108,0;3,6;14,8;0,013;0,053;;;;;;;;
01131;;4;;Fische, frisch oder gekühlt;0,09695;104,3;101,5;2,8;9,0;0,003;0,009;;;;;;;;
011310;005400;7;0046;Frischer Fisch;0,09695;104,3;101,5;2,8;9,0;0,003;0,009;;;;;;;;
01132;;4;;Fische, gefroren;0,12598;128,1;119,8;6,9;25,2;0,009;0,033;;;;;;;;
011320;005200;7;0039;Dorschfilet, tiefgekühlt;0,06878;123,6;112,2;10,2;23,8;0,007;0,017;;;;;;;;
011320;005300;7;0040;Fischstäbchen, tiefgekühlt;0,05720;130,0;125,7;3,4;26,7;0,002;0,016;;;;;;;;
01135;;4;;Fische u. Meeresfrüchte, getrocknet, geräuchert od. gesalzen;0,04789;99,5;98,1;1,4;8,9;0,001;0,004;;;;;;;;
011350;005500;7;0066;Räucherlachs;0,04789;99,5;98,1;1,4;8,9;0,001;0,004;;;;;;;;
01136;;4;;And. kons. od. verarb. Fische und Zub. auf Meeresfrüchtebasis;0,07846;107,1;107,3;-0,2;8,4;0,000;0,007;;;;;;;;
011360;005100;7;0033;Thunfisch;0,07846;107,1;107,3;-0,2;8,4;0,000;0,007;;;;;;;;
0114;;3;;Milch, Käse und Eier;1,54892;117,5;115,9;1,4;19,5;0,023;0,299;;;;;;;;
01141;;4;;Milch;0,24392;123,0;122,0;0,8;22,6;0,002;0,055;;;;;;;;
011410;005660;7;1043;Länger Frisch Milch;0,19058;122,3;121,5;0,7;22,5;0,001;0,043;;;;;;;;
011410;005661;7;1074;Frischmilch;0,05334;125,8;124,0;1,5;23,5;0,001;0,012;;;;;;;;
01143;;4;;Konservierte Milch;0,03777;117,5;113,6;3,4;15,8;0,001;0,006;;;;;;;;
011430;006100;7;0054;Kondensierte Milch;0,03777;117,5;113,6;3,4;15,8;0,001;0,006;;;;;;;;
01144;;4;;Joghurt;0,17435;116,6;114,3;2,0;17,2;0,004;0,030;;;;;;;;
011440;006200;7;0055;Fruchtjoghurt;0,08930;120,8;117,5;2,8;17,4;0,003;0,016;;;;;;;;
011440;006400;7;0057;Joghurt natur;0,08505;112,0;110,8;1,1;16,9;0,001;0,014;;;;;;;;
01145;;4;;Käse und Topfen;0,62703;116,3;114,4;1,7;18,8;0,012;0,117;;;;;;;;
011450;006000;7;0052;Speisetopfen;0,02482;115,2;115,3;-0,1;20,3;0,000;0,005;;;;;;;;
011450;006600;7;0059;Emmentaler;0,13071;118,9;117,2;1,5;22,6;0,002;0,029;;;;;;;;
011450;006700;7;0060;Gouda;0,16205;120,8;118,0;2,4;20,7;0,004;0,033;;;;;;;;
011450;006800;7;0061;Bergkäse;0,09886;108,4;106,4;1,9;11,4;0,002;0,012;;;;;;;;
011450;006900;7;0063;Camembert;0,07891;120,8;117,0;3,2;19,0;0,003;0,014;;;;;;;;
011450;007100;7;0064;Frischkäse;0,05926;121,2;121,2;0,0;18,9;0,000;0,011;;;;;;;;
011450;007200;7;0065;Mozzarella;0,07242;111,9;110,8;1,0;18,3;0,001;0,013;;;;;;;;
01146;;4;;Andere Milcherzeugnisse;0,25436;113,4;112,7;0,6;18,0;0,002;0,045;;;;;;;;
011460;005700;7;0049;Milchmixgetränk;0,11139;109,3;107,4;1,8;8,1;0,002;0,009;;;;;;;;
011460;005800;7;0050;Sauerrahm;0,06147;119,3;118,8;0,4;29,7;0,000;0,017;;;;;;;;
011460;005900;7;0051;Schlagobers;0,08150;118,0;118,5;-0,4;23,6;0,000;0,019;;;;;;;;
01147;;4;;Eier;0,21149;120,1;119,0;0,9;22,7;0,002;0,047;;;;;;;;
011470;006500;7;0147;Eier;0,21149;120,1;119,0;0,9;22,7;0,002;0,047;;;;;;;;
0115;;3;;Öle und Fette;0,34906;130,2;124,2;4,8;30,1;0,018;0,101;;;;;;;;
01151;;4;;Butter;0,16077;136,1;131,4;3,6;38,9;0,007;0,059;;;;;;;;
011510;007300;7;0053;Butter;0,16077;136,1;131,4;3,6;38,9;0,007;0,059;;;;;;;;
01152;;4;;Margarine und andere Speisefette pflanzlichen Ursprungs;0,03015;115,9;104,2;11,2;18,6;0,003;0,006;;;;;;;;
011520;007400;7;0067;Margarine;0,03015;115,9;104,2;11,2;18,6;0,003;0,006;;;;;;;;
01153;;4;;Olivenöl;0,05590;105,5;103,5;1,9;3,1;0,001;0,002;;;;;;;;
011530;007800;7;0071;Olivenöl;0,05590;105,5;103,5;1,9;3,1;0,001;0,002;;;;;;;;
01154;;4;;Andere Speiseöle;0,10224;140,2;131,7;6,5;35,6;0,007;0,035;;;;;;;;
011540;007600;7;0069;Sortenreines Pflanzenöl;0,10224;140,2;131,7;6,5;35,6;0,007;0,035;;;;;;;;
0116;;3;;Obst;0,98244;105,4;106,1;-0,7;3,1;-0,005;0,032;;;;;;;;
01161;;4;;Obst, frisch oder gekühlt;0,78123;107,4;108,5;-1,0;3,9;-0,006;0,031;;;;;;;;
011610;008200;7;0149;Mandarinen;0,04416;100,0;100,7;-0,7;-3,8;0,000;-0,001;;;;;;;;
011610;008400;7;0150;Erdbeeren;0,06512;97,3;99,8;-2,5;-26,6;-0,001;-0,025;;;;;;;;
011610;008440;7;1038;Beeren (ohne Erdbeeren);0,04608;102,6;103,1;-0,5;8,3;0,000;0,004;;;;;;;;
011610;008500;7;0151;Äpfel;0,11301;112,5;112,8;-0,3;4,6;0,000;0,005;;;;;;;;
011610;008600;7;0152;Birnen;0,02508;111,4;116,8;-4,6;13,1;-0,001;0,003;;;;;;;;
011610;008800;7;0154;Pfirsiche / Nektarinen;0,07365;84,4;82,0;2,9;-15,2;0,002;-0,007;;;;;;;;
011610;008900;7;0155;Trauben;0,08363;106,1;118,5;-10,5;11,8;-0,009;0,009;;;;;;;;
011610;009000;7;0156;Zucker-, Honigmelone;0,04963;93,4;105,0;-11,0;19,1;-0,005;0,006;;;;;;;;
011610;009200;7;0157;Bananen;0,12620;118,4;118,0;0,3;17,1;0,001;0,022;;;;;;;;
011610;009300;7;0158;Kiwi;0,01992;126,6;123,6;2,4;6,4;0,000;0,001;;;;;;;;
011610;009400;7;0160;Orangen;0,05560;120,3;109,4;10,0;3,4;0,006;0,004;;;;;;;;
011610;009500;7;0161;Zitronen;0,05412;103,5;103,0;0,5;6,4;0,000;0,006;;;;;;;;
011610;010490;7;1075;Avocado;0,02503;95,2;90,6;5,1;3,3;0,001;0,001;;;;;;;;
01163;;4;;Trockenobst und Nüsse;0,20121;97,4;96,8;0,6;0,5;0,001;0,001;;;;;;;;
011630;007900;7;0084;Nuss-, Trockenfruchtmischung;0,14247;100,1;99,5;0,6;1,7;0,001;0,003;;;;;;;;
011630;008000;7;0092;Erdnüsse geröstet / gesalzen;0,02322;101,8;100,3;1,5;3,5;0,000;0,001;;;;;;;;
011630;008100;7;0117;Rosinen;0,03552;92,3;92,2;0,1;-6,8;0,000;-0,002;;;;;;;;
0117;;3;;Gemüse;1,24535;117,1;116,7;0,3;12,1;0,005;0,151;;;;;;;;
01171;;4;;Gemüse (ohne Kartoffel u.a. Knollengew.), frisch oder gekühlt;0,74214;119,8;120,4;-0,5;12,4;-0,003;0,093;;;;;;;;
011710;010500;7;0165;Champignons;0,04231;116,2;111,3;4,4;17,3;0,002;0,008;;;;;;;;
011710;010600;7;0167;Gurken;0,05849;110,8;114,9;-3,6;11,7;-0,002;0,007;;;;;;;;
011710;010700;7;0168;Karfiol;0,06173;114,9;114,3;0,5;9,8;0,000;0,006;;;;;;;;
011710;010800;7;0169;Karotten;0,05910;111,8;114,1;-2,0;6,7;-0,001;0,004;;;;;;;;
011710;010900;7;0170;Grüner Blattsalat;0,10052;116,7;116,1;0,5;13,5;0,000;0,013;;;;;;;;
011710;011000;7;0171;Paprika;0,09021;140,9;134,8;4,5;20,6;0,005;0,019;;;;;;;;
011710;011220;7;1039;Verpackter Salat;0,05801;110,0;108,8;1,1;7,9;0,001;0,005;;;;;;;;
011710;011400;7;0175;Tomaten;0,19487;120,0;122,9;-2,4;12,3;-0,005;0,024;;;;;;;;
011710;011700;7;0176;Zwiebeln;0,07690;122,9;128,2;-4,1;9,6;-0,003;0,008;;;;;;;;
01172;;4;;Gemüse (ohne Kartoffel u.a. Knollengew.), tiefgefroren;0,07133;115,7;111,6;3,7;12,1;0,003;0,009;;;;;;;;
011720;009900;7;0036;Mischgemüse, tiefgekühlt;0,04619;114,0;110,3;3,4;9,5;0,002;0,005;;;;;;;;
011720;010000;7;0038;Spinat, tiefgekühlt;0,02514;119,3;114,4;4,3;17,1;0,001;0,004;;;;;;;;
01173;;4;;Trockengemüse, and. kons. und verarb. Gemüse;0,17773;116,1;114,7;1,2;10,5;0,002;0,019;;;;;;;;
011730;009700;7;0034;Delikatessgurken;0,17773;116,1;114,7;1,2;10,5;0,002;0,019;;;;;;;;
01174;;4;;Kartoffeln;0,17019;108,9;107,9;0,9;11,7;0,002;0,020;;;;;;;;
011740;010100;7;0041;Pommes frites, tiefgekühlt;0,04077;110,8;109,1;1,6;12,8;0,001;0,006;;;;;;;;
011740;011800;7;0183;Kartoffeln;0,12942;107,8;107,1;0,7;11,1;0,001;0,014;;;;;;;;
01175;;4;;Kartoffelchips;0,08396;115,1;113,5;1,4;12,2;0,001;0,010;;;;;;;;
011750;010200;7;0090;Kartoffelchips;0,08396;115,1;113,5;1,4;12,2;0,001;0,010;;;;;;;;
0118;;3;;Zucker, Marmelade, Honig, Schokolade und Süßwaren;0,77493;104,9;103,5;1,4;5,4;0,011;0,042;;;;;;;;
01181;;4;;Zucker;0,05255;101,7;100,2;1,5;1,9;0,001;0,001;;;;;;;;
011810;013200;7;0104;Kristallzucker;0,05255;101,7;100,2;1,5;1,9;0,001;0,001;;;;;;;;
01182;;4;;Marmeladen, Konfitüren und Honig;0,08781;104,6;103,5;1,1;4,5;0,001;0,004;;;;;;;;
011820;012300;7;0032;Pfirsichkonserve;0,03076;108,1;106,2;1,8;10,1;0,001;0,003;;;;;;;;
011820;013000;7;0101;Marmelade / Konfitüre;0,03398;101,7;100,9;0,8;1,4;0,000;0,000;;;;;;;;
011820;013100;7;0102;Bienenhonig;0,02307;105,1;104,3;0,8;2,9;0,000;0,001;;;;;;;;
01183;;4;;Schokolade;0,29075;107,6;106,4;1,1;5,6;0,003;0,016;;;;;;;;
011830;012500;7;0093;Vollmilchschokolade;0,11511;104,6;103,7;0,9;3,7;0,001;0,004;;;;;;;;
011830;012550;7;1040;Bonbonniere/ Pralinen;0,14206;110,5;109,5;0,9;7,7;0,001;0,011;;;;;;;;
011830;012600;7;0094;Schokoriegel;0,03358;102,8;100,2;2,6;3,5;0,001;0,001;;;;;;;;
01184;;4;;Süßwaren;0,21089;102,4;100,8;1,6;4,9;0,003;0,011;;;;;;;;
011840;012700;7;0095;Kaugummi;0,09281;102,8;102,5;0,3;2,4;0,000;0,002;;;;;;;;
011840;012800;7;0096;Fruchtbonbons, -gummi;0,11808;101,7;99,2;2,5;6,7;0,003;0,008;;;;;;;;
01185;;4;;Speiseeis und Eiscreme;0,13293;106,6;104,2;2,3;8,4;0,003;0,010;;;;;;;;
011850;012200;7;0025;Speiseeis, Familienpackung;0,13293;106,6;104,2;2,3;8,4;0,003;0,010;;;;;;;;
0119;;3;;Nahrungsmittel, a.n.g.;0,50129;108,3;107,4;0,8;8,4;0,005;0,043;;;;;;;;
01191;;4;;Saucen, Dressings;0,15360;111,4;110,6;0,7;11,7;0,002;0,018;;;;;;;;
011910;013900;7;0115;Senf;0,04650;118,3;118,3;0,0;20,5;0,000;0,009;;;;;;;;
011910;014000;7;0116;Tomatenketchup;0,05699;113,7;112,6;1,0;12,2;0,001;0,007;;;;;;;;
011910;014100;7;0118;Speiseessig;0,05011;103,6;102,4;1,2;3,1;0,001;0,002;;;;;;;;
01192;;4;;Salz, Gewürze und Küchenkräuter;0,09333;105,2;104,9;0,3;6,2;0,000;0,006;;;;;;;;
011920;013700;7;0113;Vollsalz;0,01903;112,3;111,0;1,2;8,4;0,000;0,002;;;;;;;;
011920;013800;7;0114;Gewürzpaprika;0,07430;103,7;103,7;0,0;5,5;0,000;0,004;;;;;;;;
01193;;4;;Kleinkindnahrung;0,07192;112,1;110,2;1,7;10,0;0,001;0,007;;;;;;;;
011930;014103;7;1062;Baby-Milchnahrung;0,07192;112,1;110,2;1,7;10,0;0,001;0,007;;;;;;;;
01194;;4;;Fertiggerichte;0,13285;100,3;99,7;0,6;3,7;0,001;0,005;;;;;;;;
011940;014101;7;0047;Fertiggericht, gekühlt;0,13285;100,3;99,7;0,6;3,7;0,001;0,005;;;;;;;;
01199;;4;;Andere Nahrungsmittel, a.n.g.;0,04959;112,7;110,7;1,8;14,0;0,001;0,007;;;;;;;;
011990;013400;7;0108;Suppenpulver;0,04959;112,7;110,7;1,8;14,0;0,001;0,007;;;;;;;;
012;;2;;Alkoholfreie Getränke;1,22517;114,1;113,4;0,6;14,1;0,009;0,175;;;;;;;;
0121;;3;;Kaffee, Tee und Kakao;0,50973;117,2;113,4;3,4;19,2;0,019;0,098;;;;;;;;
01211;;4;;Kaffee;0,40919;118,1;113,7;3,9;20,8;0,017;0,084;;;;;;;;
012110;014300;7;0144;Bohnenkaffee;0,19543;125,1;121,7;2,8;26,7;0,006;0,051;;;;;;;;
012110;014301;7;0146;Kaffeepads/-kapseln;0,15084;112,3;109,0;3,0;15,2;0,005;0,023;;;;;;;;
012110;014302;7;1044;Löslicher Kaffee;0,06292;116,9;106,6;9,7;15,5;0,006;0,010;;;;;;;;
01212;;4;;Tee;0,07887;114,7;113,4;1,1;13,6;0,001;0,011;;;;;;;;
012120;014200;7;0142;Teebeutel;0,07887;114,7;113,4;1,1;13,6;0,001;0,011;;;;;;;;
01213;;4;;Kakao und Schokoladepulver;0,02167;111,5;107,6;3,6;11,7;0,001;0,003;;;;;;;;
012130;014500;7;0145;Kakaohältiges Getränkepulver;0,02167;111,5;107,6;3,6;11,7;0,001;0,003;;;;;;;;
0122;;3;;Mineralwasser, Erfrischungsgetränke und Saft;0,71544;111,7;113,3;-1,4;10,5;-0,010;0,077;;;;;;;;
01221;;4;;Mineral- oder Quellwasser;0,14018;115,8;115,8;0,0;16,3;0,000;0,023;;;;;;;;
012210;014800;7;0135;Mineral-, Tafelwasser;0,14018;115,8;115,8;0,0;16,3;0,000;0,023;;;;;;;;
01222;;4;;Limonaden;0,37637;110,5;114,2;-3,2;9,5;-0,012;0,037;;;;;;;;
012220;014600;7;0133;Aromatisiertes Mineralwasser;0,03752;113,6;114,7;-1,0;10,6;0,000;0,004;;;;;;;;
012220;014700;7;0134;Modegetränk / Energydrink;0,08323;109,8;110,1;-0,3;9,1;0,000;0,008;;;;;;;;
012220;014900;7;0136;Kohlensäurehältige Limonade;0,09727;112,2;113,2;-0,9;11,9;-0,001;0,012;;;;;;;;
012220;015000;7;0137;Colagetränk;0,15835;110,4;118,3;-6,7;8,0;-0,011;0,013;;;;;;;;
01223;;4;;Frucht- und Gemüsesäfte;0,19889;110,4;109,1;1,2;8,6;0,002;0,017;;;;;;;;
012230;015200;7;0139;Orangensaft;0,11260;110,1;108,9;1,1;8,5;0,001;0,010;;;;;;;;
012230;015300;7;0140;Apfelsaft;0,08629;110,6;109,3;1,2;8,4;0,001;0,007;;;;;;;;
02;;1;;ALKOHOLISCHE GETRÄNKE UND TABAK;3,41268;107,3;107,3;0,0;4,1;0,001;0,142;;;;;;;;
021;;2;;Alkoholische Getränke;1,55445;106,2;106,4;-0,2;4,6;0,000;0,074;;;;;;;;
0211;;3;;Spirituosen;0,23703;101,2;100,8;0,4;-1,7;0,002;-0,004;;;;;;;;
02111;;4;;Spirituosen und Liköre;0,23703;101,2;100,8;0,4;-1,7;0,002;-0,004;;;;;;;;
021110;015400;7;0130;Rum;0,06706;100,2;101,0;-0,8;0,2;0,000;0,000;;;;;;;;
021110;015500;7;0131;Wodka;0,10256;105,0;102,2;2,7;1,3;0,003;0,001;;;;;;;;
021110;015550;7;1045;Likör;0,06741;94,7;96,7;-2,1;-7,4;-0,001;-0,005;;;;;;;;
0212;;3;;Wein;0,62526;106,8;104,0;2,7;8,4;0,017;0,054;;;;;;;;
02121;;4;;Wein aus Trauben;0,62526;106,8;104,0;2,7;8,4;0,017;0,054;;;;;;;;
021210;015700;7;0123;Rotwein;0,18618;111,2;107,2;3,7;10,4;0,007;0,020;;;;;;;;
021210;015800;7;0125;Weißwein;0,31147;107,9;105,0;2,8;7,3;0,008;0,023;;;;;;;;
021210;016000;7;0127;Sekt;0,12761;97,0;95,7;1,4;7,8;0,002;0,012;;;;;;;;
0213;;3;;Bier;0,69216;107,4;110,5;-2,8;3,4;-0,019;0,024;;;;;;;;
02131;;4;;Lagerbier;0,65919;107,6;110,8;-2,9;3,8;-0,019;0,026;;;;;;;;
021310;016100;7;0119;Dosenbier;0,27028;106,8;110,2;-3,1;4,9;-0,008;0,014;;;;;;;;
021310;016250;7;1046;Spezialbier;0,04085;106,8;111,8;-4,5;2,3;-0,002;0,001;;;;;;;;
021310;016300;7;0120;Flaschenbier;0,34806;108,0;111,0;-2,7;3,1;-0,009;0,011;;;;;;;;
02134;;4;;Getränke auf Bierbasis;0,03297;99,9;101,2;-1,3;-4,8;0,000;-0,002;;;;;;;;
021340;016400;7;0121;Radler;0,03297;99,9;101,2;-1,3;-4,8;0,000;-0,002;;;;;;;;
022;;2;;Tabak;1,85823;107,8;107,7;0,1;3,6;0,001;0,068;;;;;;;;
0220;;3;;Tabakwaren;1,85823;107,8;107,7;0,1;3,6;0,001;0,068;;;;;;;;
02201;;4;;Zigaretten;1,76897;107,5;107,4;0,1;3,4;0,001;0,062;;;;;;;;
022010;016500;7;0628;Zigaretten;1,76897;107,5;107,4;0,1;3,4;0,001;0,062;;;;;;;;
02203;;4;;Andere Tabakerzeugnisse;0,08926;112,4;112,4;0,0;6,2;0,000;0,006;;;;;;;;
022030;022030;7;1100;Tabak;0,08926;112,4;112,4;0,0;6,2;0,000;0,006;;;;;;;;
03;;1;;BEKLEIDUNG UND SCHUHE;4,61681;90,0;93,4;-3,6;1,0;-0,137;0,035;;;;;;;;
031;;2;;Bekleidung;3,66928;89,1;92,3;-3,5;0,3;-0,103;0,007;;;;;;;;
0311;;3;;Bekleidungsstoffe;0,01176;106,9;106,9;0,0;25,2;0,000;0,003;;;;;;;;
03110;;4;;Bekleidungsstoffe;0,01176;106,9;106,9;0,0;25,2;0,000;0,003;;;;;;;;
031100;026900;7;0759;Stoff;0,01176;106,9;106,9;0,0;25,2;0,000;0,003;;;;;;;;
0312;;3;;Bekleidungsartikel;3,40511;88,0;91,6;-3,9;-0,1;-0,105;-0,009;;;;;;;;
03121;;4;;Bekleidung für Männer;1,10733;90,1;92,5;-2,6;1,0;-0,022;0,010;;;;;;;;
031210;029100;7;0219;Herren-Snowboardanzug;0,06308;92,1;95,8;-3,9;0,5;-0,002;0,000;;;;;;;;
031210;029200;7;0265;Herren-Jeans;0,13300;96,4;96,6;-0,2;5,6;0,000;0,007;;;;;;;;
031210;029500;7;0287;Herren-Anzug;0,04846;99,2;103,9;-4,5;4,6;-0,002;0,003;;;;;;;;
031210;029600;7;0288;Herren-Hose;0,12062;92,8;96,1;-3,4;-0,6;-0,003;0,000;;;;;;;;
031210;029700;7;0289;Herren-Sakko;0,03663;92,6;96,5;-4,0;3,6;-0,001;0,001;;;;;;;;
031210;029800;7;0290;Herren-Jacke;0,18404;79,2;80,4;-1,5;-1,9;-0,002;-0,005;;;;;;;;
031210;029900;7;0291;Herren-Shirt;0,12049;82,6;86,5;-4,5;-5,7;-0,004;-0,006;;;;;;;;
031210;030000;7;0292;Herren-Hemd;0,11394;88,0;96,4;-8,7;0,9;-0,008;0,001;;;;;;;;
031210;030200;7;0295;Herren-Socken;0,04348;100,0;101,1;-1,1;0,0;0,000;0,000;;;;;;;;
031210;030300;7;0296;Herren-Unterhose;0,05774;102,2;99,1;3,1;5,0;0,002;0,003;;;;;;;;
031210;030400;7;0307;Herren-Pullover / Weste;0,10360;90,9;88,9;2,2;5,9;0,002;0,005;;;;;;;;
031210;030500;7;0335;Herren-Sportbekleidung;0,08225;86,6;91,2;-5,0;2,1;-0,004;0,001;;;;;;;;
03122;;4;;Bekleidung für Frauen;1,85349;87,1;91,0;-4,3;0,0;-0,062;-0,003;;;;;;;;
031220;027100;7;0216;Damen-Sportbekleidung;0,09014;86,8;91,7;-5,3;-4,1;-0,004;-0,003;;;;;;;;
031220;027200;7;0298;Damen-Kleid;0,10518;81,5;85,1;-4,2;5,7;-0,003;0,004;;;;;;;;
031220;027400;7;0299;Damen-Hose;0,25503;87,0;90,3;-3,7;-1,0;-0,007;-0,002;;;;;;;;
031220;027500;7;0300;Damen-Mantel;0,15480;92,6;96,4;-3,9;4,3;-0,005;0,004;;;;;;;;
031220;027700;7;0302;Damen-Rock;0,05904;83,0;86,3;-3,8;-2,6;-0,002;-0,001;;;;;;;;
031220;027900;7;0303;Damen-Jacke;0,15363;82,5;84,6;-2,5;0,2;-0,003;-0,001;;;;;;;;
031220;028000;7;0304;Damen-Shirt;0,25918;84,1;91,3;-7,9;-0,8;-0,016;-0,003;;;;;;;;
031220;028100;7;0305;Damen-Pullover;0,13470;80,7;81,7;-1,2;4,4;-0,001;0,003;;;;;;;;
031220;028200;7;0306;Damen-Bluse;0,09388;83,0;89,2;-7,0;-2,4;-0,005;-0,002;;;;;;;;
031220;028300;7;0308;Damen-Blazer;0,04525;89,0;90,6;-1,8;5,1;-0,001;0,002;;;;;;;;
031220;028400;7;0309;Büstenhalter;0,08821;100,2;103,3;-3,0;-0,3;-0,002;0,000;;;;;;;;
031220;028500;7;0310;Damen-Strumpfhose;0,01897;94,7;95,8;-1,1;-3,6;0,000;-0,001;;;;;;;;
031220;028600;7;0311;Damen-Nachtwäsche;0,07040;85,1;91,1;-6,6;5,5;-0,004;0,002;;;;;;;;
031220;028700;7;0312;Damen-Unterhose;0,07386;96,3;96,1;0,2;-0,5;0,000;0,000;;;;;;;;
031220;028800;7;0314;Damen-Jeans;0,15113;90,2;93,8;-3,8;-4,9;-0,005;-0,006;;;;;;;;
031220;028900;7;0336;Damen-Schianzug;0,07623;93,9;97,7;-3,9;3,4;-0,002;0,001;;;;;;;;
031220;029000;7;0383;Damen-Bademode;0,02386;99,7;109,2;-8,7;3,3;-0,002;0,001;;;;;;;;
03123;;4;;Bekleidung für Kleinkinder (0 bis 2 J.) und Kinder (3 bis 13 J.);0,44429;86,3;91,5;-5,7;-3,6;-0,021;-0,016;;;;;;;;
031230;030801;7;1101;Unterhose für Buben;0,06160;97,8;95,7;2,2;1,7;0,001;0,001;;;;;;;;
031230;030802;7;1102;Jeans für Buben;0,10417;86,3;87,0;-0,8;-1,6;-0,001;-0,001;;;;;;;;
031230;030803;7;1103;T-Shirt für Mädchen;0,11837;72,4;82,9;-12,7;-4,5;-0,012;-0,005;;;;;;;;
031230;030804;7;1104;Jacke für Mädchen;0,08411;76,9;80,0;-3,9;;-0,002;;;;;;;;;
031230;031900;7;0321;Baby-Set;0,07604;85,1;95,1;-10,5;-3,4;-0,007;-0,002;;;;;;;;
0313;;3;;Sonstige Bekleidungsartikel und Bekleidungszubehör;0,20616;101,6;100,6;1,0;5,1;0,002;0,010;;;;;;;;
03131;;4;;Andere Bekleidungsartikel;0,17612;100,2;100,0;0,2;5,4;0,001;0,009;;;;;;;;
031310;032000;7;0294;Krawatte;0,01847;103,0;103,5;-0,5;11,2;0,000;0,002;;;;;;;;
031310;032100;7;0319;Gürtel mit Schnalle;0,04514;104,3;104,3;0,0;4,6;0,000;0,002;;;;;;;;
031310;032110;7;1047;Schal / Tuch;0,07343;97,7;95,1;2,7;6,7;0,002;0,004;;;;;;;;
031310;032200;7;0412;Kopfbedeckung;0,03908;98,2;101,6;-3,3;1,9;-0,001;0,001;;;;;;;;
03132;;4;;Anderes Bekleidungszubehör;0,03004;109,4;103,9;5,3;4,2;0,001;0,001;;;;;;;;
031320;032300;7;0760;Strickwolle;0,03004;109,4;103,9;5,3;4,2;0,001;0,001;;;;;;;;
0314;;3;;Reinigung und Reparatur von Bekleidung;0,04625;107,7;107,6;0,1;6,3;0,000;0,003;;;;;;;;
03141;;4;;Chemische Reinigung und Waschen von Bekleidung;0,02635;109,3;109,0;0,3;7,2;0,000;0,002;;;;;;;;
031410;032800;7;0375;Waschen und Bügeln / Hemden;0,00647;107,1;107,0;0,1;7,1;0,000;0,000;;;;;;;;
031410;032900;7;0376;Chemische Reinigung;0,01988;110,0;109,7;0,3;7,1;0,000;0,001;;;;;;;;
03142;;4;;Reparaturen und Miete von Bekleidung;0,01990;105,7;105,6;0,1;5,3;0,000;0,001;;;;;;;;
031420;032600;7;0297;Änderungsschneiderei;0,01990;105,7;105,6;0,1;5,3;0,000;0,001;;;;;;;;
032;;2;;Schuhe einschließlich Reparatur;0,94753;94,4;98,3;-4,0;3,6;-0,034;0,028;;;;;;;;
0321;;3;;Schuhe;0,94042;94,3;98,3;-4,1;3,6;-0,034;0,028;;;;;;;;
03211;;4;;Fußbekleidung für Männer;0,30824;95,6;100,0;-4,4;1,6;-0,013;0,004;;;;;;;;
032110;033200;7;0226;Herren-Sportschuhe;0,08338;98,2;103,1;-4,8;1,6;-0,004;0,001;;;;;;;;
032110;033201;7;1065;Herren-Pantoffel;0,01904;107,4;106,4;0,9;5,7;0,000;0,001;;;;;;;;
032110;033330;7;1048;Herren-Freizeitschuhe;0,17189;92,9;97,9;-5,1;1,1;-0,008;0,001;;;;;;;;
032110;033400;7;0326;Herren-Halbschuhe;0,03393;94,8;97,5;-2,8;1,6;-0,001;0,000;;;;;;;;
03212;;4;;Fußbekleidung für Frauen;0,47153;92,0;96,6;-4,8;3,0;-0,019;0,011;;;;;;;;
032120;033100;7;0222;Damen-Stiefeletten;0,13726;89,2;93,0;-4,1;0,8;-0,005;0,000;;;;;;;;
032120;033300;7;0325;Damen-Freizeitschuhe;0,20660;92,3;98,1;-5,9;4,3;-0,010;0,008;;;;;;;;
032120;033600;7;0328;Damen-Halbschuhe;0,06566;90,5;94,8;-4,5;6,1;-0,002;0,004;;;;;;;;
032120;034100;7;0334;Damen-Sportschuhe;0,06201;99,0;102,4;-3,3;0,2;-0,002;0,000;;;;;;;;
03213;;4;;Fußbekleidung für Kleinkinder und Kinder;0,16065;99,1;100,3;-1,2;9,9;-0,002;0,013;;;;;;;;
032130;033900;7;0331;Kinder-Halbschuhe;0,07429;103,6;104,4;-0,8;15,8;-0,001;0,009;;;;;;;;
032130;034000;7;0332;Kinder-Sportfreizeitschuhe;0,08636;97,4;98,8;-1,4;5,3;-0,001;0,004;;;;;;;;
0322;;3;;Reparatur von Schuhen;0,00711;104,0;103,3;0,7;2,5;0,000;0,000;;;;;;;;
03220;;4;;Reparaturen und Miete von Schuhen;0,00711;104,0;103,3;0,7;2,5;0,000;0,000;;;;;;;;
032200;034200;7;0340;Absatzreparatur;0,00711;104,0;103,3;0,7;2,5;0,000;0,000;;;;;;;;
04;;1;;WOHNUNG, WASSER, ENERGIE;18,92094;118,2;116,3;1,6;13,8;0,327;2,625;;;;;;;;
041;;2;;Gezahlte Wohnungsmieten;5,36878;103,2;103,0;0,2;1,8;0,010;0,103;;;;;;;;
0411;;3;;Wohnungsmieten;5,36878;103,2;103,0;0,2;1,8;0,010;0,103;;;;;;;;
04110;;4;;Tatsächliche Mietzahlungen für Hauptwohnungen;5,36878;103,2;103,0;0,2;1,8;0,010;0,103;;;;;;;;
041100;034300;7;0556;Wohnungsmiete, alle Kategorien;4,87574;102,7;102,4;0,3;1,5;0,015;0,077;;;;;;;;
041100;034301;7;1556;Neuvermietungen;0,49304;105,2;106,3;-1,0;5,2;-0,005;0,026;;;;;;;;
043;;2;;Instandhaltung und Reparatur der Wohnung;5,79552;122,5;119,2;2,8;15,6;0,166;0,911;;;;;;;;
0431;;3;;Material für die Instandhaltung und Reparatur der Wohnung;3,93836;125,4;121,9;2,9;17,9;0,122;0,711;;;;;;;;
04310;;4;;Erzg. f. d. regelm. Instandhaltung und Reparatur der Wohnung;3,93836;125,4;121,9;2,9;17,9;0,122;0,711;;;;;;;;
043100;034900;7;0248;Spülbecken;0,17309;110,9;109,6;1,2;9,4;0,002;0,016;;;;;;;;
043100;035000;7;0254;Fertigparkett;0,07677;114,4;112,0;2,1;11,4;0,002;0,009;;;;;;;;
043100;035100;7;0257;Laminatboden;0,07763;109,8;111,5;-1,5;8,5;-0,001;0,007;;;;;;;;
043100;035300;7;0258;Waschtischarmatur;0,15201;104,7;105,3;-0,6;3,5;-0,001;0,006;;;;;;;;
043100;035400;7;0709;Ziegelstein;0,49307;127,5;117,0;9,0;25,9;0,048;0,129;;;;;;;;
043100;035500;7;0711;Hohlblocksteine;0,16293;129,5;123,4;4,9;16,1;0,008;0,027;;;;;;;;
043100;035600;7;0712;Zement;0,42792;113,3;108,6;4,3;14,9;0,019;0,064;;;;;;;;
043100;035700;7;0713;PVC-Kanalrohre;0,05848;167,3;156,2;7,1;50,7;0,005;0,028;;;;;;;;
043100;035800;7;0714;Gasbetonsteine;0,13762;117,3;112,0;4,7;18,5;0,007;0,026;;;;;;;;
043100;035900;7;0715;Betondachsteine;0,16135;120,8;118,8;1,7;13,5;0,003;0,022;;;;;;;;
043100;036000;7;0716;Hydratkalk;0,14862;117,8;115,6;1,9;13,7;0,003;0,021;;;;;;;;
043100;036100;7;0717;Gebundene Faserdämmstoffe;0,36696;146,0;136,2;7,2;38,5;0,031;0,138;;;;;;;;
043100;036200;7;0718;Gipskartonplatte;0,25677;109,8;104,8;4,8;12,3;0,012;0,033;;;;;;;;
043100;036300;7;0719;Isolierglaskippfenster;0,47998;121,3;121,3;0,0;18,3;0,000;0,084;;;;;;;;
043100;036400;7;0726;Lack;0,10540;107,7;107,7;0,0;4,1;0,000;0,004;;;;;;;;
043100;036500;7;0727;Dispersionsfarbe;0,13099;114,3;114,3;0,0;12,4;0,000;0,016;;;;;;;;
043100;036600;7;0730;Fliesen;0,16811;119,6;119,6;0,0;18,4;0,000;0,032;;;;;;;;
043100;036700;7;0731;Profilholz;0,36066;176,3;183,9;-4,1;12,6;-0,016;0,047;;;;;;;;
0432;;3;;Dienstleistung für die Instandhaltung und Reparatur der Wohnung;1,85716;116,3;113,6;2,4;10,7;0,044;0,200;;;;;;;;
04321;;4;;Dienstleistungen von Installateuren;0,21284;109,5;108,7;0,7;5,9;0,002;0,013;;;;;;;;
043210;036800;7;0220;Installateur (Gas / Wasser);0,21284;109,5;108,7;0,7;5,9;0,002;0,013;;;;;;;;
04322;;4;;Dienstleistungen von Elektrikern;0,13433;107,8;107,8;0,0;5,0;0,000;0,007;;;;;;;;
043220;037000;7;0223;Elektroinstallateur;0,13433;107,8;107,8;0,0;5,0;0,000;0,007;;;;;;;;
04323;;4;;Instandhaltungsleistungen für Heizsysteme;0,07841;109,5;106,2;3,1;6,5;0,002;0,005;;;;;;;;
043230;036900;7;0221;Jahreswartung, Gasheizung;0,07841;109,5;106,2;3,1;6,5;0,002;0,005;;;;;;;;
04324;;4;;Dienstleistungen von Malern;0,12995;109,6;109,5;0,1;5,7;0,000;0,008;;;;;;;;
043240;037100;7;0225;Malerarbeiten;0,12995;109,6;109,5;0,1;5,7;0,000;0,008;;;;;;;;
04325;;4;;Dienstleistungen von Zimmerern;0,29698;134,4;129,5;3,8;21,4;0,012;0,063;;;;;;;;
043250;037200;7;0255;Parkett verlegen;0,11076;113,6;113,6;0,0;9,5;0,000;0,011;;;;;;;;
043250;037400;7;0721;Zimmermannsarbeiten;0,18622;148,1;139,9;5,9;28,6;0,012;0,052;;;;;;;;
04329;;4;;And. Dienstleistungen f. Instandhaltung u. Reparatur v. Whg.;1,00465;115,3;112,1;2,9;10,3;0,028;0,105;;;;;;;;
043290;037300;7;0720;Maurerarbeiten, KV-Lohn;0,50189;107,3;107,3;0,0;4,2;0,000;0,022;;;;;;;;
043290;037500;7;0722;Zentralheizung;0,20268;126,1;118,9;6,1;16,3;0,012;0,033;;;;;;;;
043290;037600;7;0723;Fenstereinbau;0,18364;125,4;118,2;6,1;19,4;0,011;0,035;;;;;;;;
043290;037700;7;0724;Fliesenlegen;0,11644;117,2;112,1;4,5;12,4;0,005;0,015;;;;;;;;
044;;2;;Wasserversorgung und sonstige Dienstleistungen (Wohnung);3,70914;105,1;104,5;0,6;4,9;0,019;0,179;;;;;;;;
0441;;3;;Wasserversorgung;0,18530;107,3;107,2;0,1;4,9;0,000;0,009;;;;;;;;
04410;;4;;Wasserversorgung;0,18530;107,3;107,2;0,1;4,9;0,000;0,009;;;;;;;;
044100;037800;7;0498;Wassergebühr, lfd. Kosten;0,15235;107,2;107,2;0,0;4,7;0,000;0,007;;;;;;;;
044100;037900;7;0499;Wassergebühr, Fixkosten;0,03295;107,4;107,3;0,1;5,5;0,000;0,002;;;;;;;;
0442;;3;;Müllabfuhr;0,17634;104,0;104,0;0,0;3,4;0,000;0,006;;;;;;;;
04420;;4;;Müllabfuhr;0,17634;104,0;104,0;0,0;3,4;0,000;0,006;;;;;;;;
044200;038000;7;0500;Müllabfuhr, Einfamilienhaus;0,17634;104,0;104,0;0,0;3,4;0,000;0,006;;;;;;;;
0443;;3;;Abwasserbeseitigung;0,39198;104,7;104,1;0,6;2,9;0,002;0,012;;;;;;;;
04430;;4;;Abwasserentsorgung;0,39198;104,7;104,1;0,6;2,9;0,002;0,012;;;;;;;;
044300;038100;7;0501;Kanalgebühr, Einfamilienhaus;0,39198;104,7;104,1;0,6;2,9;0,002;0,012;;;;;;;;
0444;;3;;Sonstige Dienstleistungen betr. Wohnung, a.n.g.;2,95552;105,0;104,4;0,6;5,1;0,017;0,152;;;;;;;;
04441;;4;;Instandhaltungsgebühren in Mehrfamilienhäusern;2,85378;105,0;104,4;0,6;5,2;0,017;0,148;;;;;;;;
044410;038300;7;0557;Betriebskosten, Mietwohnung;2,12126;106,2;105,7;0,5;6,5;0,010;0,137;;;;;;;;
044410;038400;7;0559;Betriebskosten, Eigentumswohnung;0,73252;101,6;100,7;0,9;1,4;0,007;0,011;;;;;;;;
04449;;4;;Andere Dienstleistungen im Zusammenhang m. d. Wohnung;0,10174;105,4;105,4;0,0;4,3;0,000;0,004;;;;;;;;
044490;038200;7;0502;Rauchfangkehrer, Einfamilienhaus;0,10174;105,4;105,4;0,0;4,3;0,000;0,004;;;;;;;;
045;;2;;Elektrizität, Gas und andere Brennstoffe;4,04750;147,5;143,4;2,9;36,7;0,132;1,431;;;;;;;;
0451;;3;;Elektrizität;2,04766;120,2;116,1;3,5;11,9;0,070;0,238;;;;;;;;
04510;;4;;Strom;2,04766;120,2;116,1;3,5;11,9;0,070;0,238;;;;;;;;
045100;038600;7;0566;Elektrischer Strom, Grund-, Zählergebühr;0,38922;81,5;81,5;0,0;-20,9;0,000;-0,080;;;;;;;;
045100;038700;7;0567;Elektrischer Strom, Arbeitspreis / Tag;1,55191;129,1;124,0;4,1;18,7;0,065;0,285;;;;;;;;
045100;038800;7;0564;Elektrischer Strom, Arbeitspreis / Nacht;0,10653;134,1;128,8;4,1;30,6;0,005;0,033;;;;;;;;
0452;;3;;Gas;0,65747;183,7;179,7;2,2;71,0;0,019;0,414;;;;;;;;
04521;;4;;Erdgas;0,65747;183,7;179,7;2,2;71,0;0,019;0,414;;;;;;;;
045210;038900;7;0568;Gas, Grund-, Zählergebühr;0,04889;103,0;103,0;0,0;-3,0;0,000;-0,002;;;;;;;;
045210;039000;7;0569;Gas, Arbeitspreis;0,60858;191,6;187,3;2,3;78,2;0,019;0,415;;;;;;;;
0453;;3;;Flüssige Brennstoffe;0,39485;251,2;256,0;-1,9;106,6;-0,013;0,407;;;;;;;;
04530;;4;;Flüssige Brennstoffe (ohne Kraftstoffe);0,39485;251,2;256,0;-1,9;106,6;-0,013;0,407;;;;;;;;
045300;039100;7;0227;Heizöl extra leicht, Großabnahme;0,39485;251,2;256,0;-1,9;106,6;-0,013;0,407;;;;;;;;
0454;;3;;Feste Brennstoffe;0,38526;174,3;160,2;8,8;72,4;0,046;0,263;;;;;;;;
04549;;4;;Andere feste Brennstoffe;0,38526;174,3;160,2;8,8;72,4;0,046;0,263;;;;;;;;
045490;039400;7;0224;Holzpellets, Großabnahme;0,14751;197,3;171,9;14,8;99,9;0,032;0,135;;;;;;;;
045490;039900;7;0231;Brennholz;0,23775;159,7;152,8;4,5;56,1;0,014;0,128;;;;;;;;
0455;;3;;Wärmeenergie;0,56226;122,4;120,5;1,6;19,0;0,010;0,109;;;;;;;;
04550;;4;;Fernwärme;0,56226;122,4;120,5;1,6;19,0;0,010;0,109;;;;;;;;
045500;040000;7;0570;Fernheizung, Grundgebühr;0,10212;105,2;103,7;1,4;4,8;0,001;0,005;;;;;;;;
045500;040100;7;0571;Fernheizung, Arbeitspreis;0,46014;126,2;124,1;1,7;22,2;0,009;0,104;;;;;;;;
05;;1;;HAUSRAT UND LFD. INSTANDHALTUNG DES HAUSES;6,49376;110,9;110,1;0,7;8,6;0,045;0,576;;;;;;;;
051;;2;;Einrichtungsgegenstände und Bodenbeläge;2,94801;112,5;113,3;-0,7;9,9;-0,023;0,302;;;;;;;;
0511;;3;;Möbel und andere Einrichtungsgegenstände;2,88035;112,6;113,7;-1,0;9,9;-0,033;0,293;;;;;;;;
05111;;4;;Wohnmöbel;2,53091;112,2;113,0;-0,7;9,3;-0,022;0,244;;;;;;;;
051110;040200;7;0187;Arbeitsplatte / Küche;0,19477;115,8;116,5;-0,6;10,9;-0,001;0,022;;;;;;;;
051110;040300;7;0237;Hochschrank für Kühlschrank;0,04690;113,7;114,4;-0,6;12,4;0,000;0,006;;;;;;;;
051110;040400;7;0238;Vorratsschrank;0,08045;114,2;113,8;0,4;12,1;0,000;0,010;;;;;;;;
051110;040500;7;0239;Unterbau-Eckschrank;0,10756;113,3;112,8;0,4;9,0;0,000;0,010;;;;;;;;
051110;040600;7;0240;Küchenelement, Oberschrank;0,10741;115,7;115,6;0,1;12,0;0,000;0,013;;;;;;;;
051110;040700;7;0241;Küchenelement, Unterschrank;0,24067;112,5;113,4;-0,8;11,7;-0,002;0,029;;;;;;;;
051110;040800;7;0242;Sitzgarnitur;0,30457;109,3;109,7;-0,4;6,3;-0,001;0,021;;;;;;;;
051110;040900;7;0243;Schlafzimmermöbel;0,33719;113,6;113,9;-0,3;8,1;-0,001;0,029;;;;;;;;
051110;041000;7;0244;Essgarnitur;0,22242;107,7;111,0;-3,0;5,4;-0,007;0,013;;;;;;;;
051110;041100;7;0245;Wohnzimmerprogramm;0,26356;116,8;117,8;-0,8;11,7;-0,003;0,032;;;;;;;;
051110;041500;7;0249;Badezimmerblock;0,18380;116,7;116,5;0,2;18,0;0,000;0,035;;;;;;;;
051110;041600;7;0259;Vorzimmer;0,09118;105,3;107,6;-2,1;5,4;-0,002;0,005;;;;;;;;
051110;041700;7;0269;Kinderzimmer;0,15479;109,4;107,4;1,9;8,6;0,003;0,014;;;;;;;;
051110;041800;7;0284;Kommode, Anrichte;0,06744;107,8;108,7;-0,8;11,4;-0,001;0,008;;;;;;;;
051110;041900;7;0437;Schreibtisch;0,02641;108,3;108,2;0,1;2,8;0,000;0,001;;;;;;;;
051110;042300;7;0748;Matratze;0,10179;105,2;113,3;-7,1;-2,7;-0,007;-0,003;;;;;;;;
05112;;4;;Gartenmöbel;0,18367;107,9;114,3;-5,6;17,8;-0,011;0,030;;;;;;;;
051120;041400;7;0247;Gartenmöbel;0,18367;107,9;114,3;-5,6;17,8;-0,011;0,030;;;;;;;;
05113;;4;;Beleuchtungsausstattung;0,10456;126,1;124,7;1,1;10,9;0,001;0,012;;;;;;;;
051130;042000;7;0734;Luster, Hängelampe;0,03014;128,6;126,9;1,3;23,3;0,000;0,007;;;;;;;;
051130;042200;7;0735;Deckenbeleuchtung;0,07442;124,8;123,6;1,0;5,9;0,001;0,005;;;;;;;;
05119;;4;;Andere Möbel und Einrichtungsgegenstände;0,06121;118,8;119,7;-0,8;11,8;-0,001;0,007;;;;;;;;
051190;041300;7;0246;Vorzimmerspiegel;0,06121;118,8;119,7;-0,8;11,8;-0,001;0,007;;;;;;;;
0512;;3;;Teppiche und andere Bodenbeläge;0,06766;112,4;97,3;15,5;12,5;0,010;0,009;;;;;;;;
05121;;4;;Teppiche und Vorleger;0,06766;112,4;97,3;15,5;12,5;0,010;0,009;;;;;;;;
051210;042600;7;0252;Teppich;0,06766;112,4;97,3;15,5;12,5;0,010;0,009;;;;;;;;
052;;2;;Heimtextilien;0,37580;117,8;108,6;8,5;17,0;0,032;0,065;;;;;;;;
0520;;3;;Heimtextilien;0,37580;117,8;108,6;8,5;17,0;0,032;0,065;;;;;;;;
05201;;4;;Möbelstoffe und Gardinen;0,16177;135,5;118,7;14,2;29,0;0,024;0,048;;;;;;;;
052010;042800;7;0253;Gardinen, Store;0,16177;135,5;118,7;14,2;29,0;0,024;0,048;;;;;;;;
05202;;4;;Bettwäsche;0,15859;105,9;102,0;3,8;7,0;0,006;0,011;;;;;;;;
052020;042900;7;0260;Bettwäsche;0,12945;107,6;102,8;4,7;7,4;0,006;0,010;;;;;;;;
052020;043200;7;0263;Steppdecke;0,02914;104,5;104,9;-0,4;4,5;0,000;0,001;;;;;;;;
05203;;4;;Tisch- und Badezimmerwäsche;0,05544;106,1;101,7;4,3;10,6;0,002;0,006;;;;;;;;
052030;043100;7;0262;Badetuch, Handtuch;0,03856;106,5;101,2;5,2;12,7;0,002;0,005;;;;;;;;
052030;043300;7;0264;Tischdecke;0,01688;104,9;102,7;2,1;5,9;0,000;0,001;;;;;;;;
053;;2;;Haushaltsgeräte;1,17744;112,9;110,0;2,6;9,5;0,031;0,110;;;;;;;;
0531;;3;;Elektrische und nichtelektrische Haushalts-Großgeräte;0,96430;112,8;109,9;2,6;9,4;0,025;0,089;;;;;;;;
05311;;4;;Kühlschränke, Gefrierschränke, Kühl- u. Gefrierkombinationen;0,23391;114,6;112,1;2,2;10,9;0,005;0,025;;;;;;;;
053110;043400;7;0270;Kühlschrank, Standgerät;0,08219;119,0;114,8;3,7;12,1;0,003;0,010;;;;;;;;
053110;043500;7;0271;Kühlschrank, Einbaugerät;0,04944;120,1;116,7;2,9;14,6;0,001;0,007;;;;;;;;
053110;043600;7;0272;Gefrierschrank;0,03534;110,7;107,8;2,7;9,3;0,001;0,003;;;;;;;;
053110;044600;7;0442;Kühl-, Gefrierkombination;0,06694;107,4;107,8;-0,4;7,5;0,000;0,005;;;;;;;;
05312;;4;;Waschmaschinen, Trockner und Geschirrspüler;0,34704;112,6;109,2;3,1;10,5;0,011;0,036;;;;;;;;
053120;043700;7;0273;Geschirrspüler;0,12484;109,6;109,0;0,6;7,0;0,001;0,008;;;;;;;;
053120;044300;7;0278;Waschmaschine;0,16979;115,8;109,2;6,0;13,3;0,010;0,022;;;;;;;;
053120;044700;7;0729;Wäschetrockner;0,05241;109,7;109,4;0,3;10,0;0,000;0,005;;;;;;;;
05313;;4;;Kocher;0,18755;108,8;107,2;1,5;6,4;0,003;0,012;;;;;;;;
053130;043800;7;0274;Elektroherd;0,18755;108,8;107,2;1,5;6,4;0,003;0,012;;;;;;;;
05314;;4;;Heizgeräte, Klimageräte;0,07583;111,2;111,2;0,0;1,9;0,000;0,001;;;;;;;;
053140;044800;7;0739;Kaminofen, Allesbrenner;0,07583;111,2;111,2;0,0;1,9;0,000;0,001;;;;;;;;
05315;;4;;Reinigungsgeräte;0,11997;116,1;110,1;5,4;13,0;0,006;0,015;;;;;;;;
053150;044100;7;0277;Staubsauger;0,11997;116,1;110,1;5,4;13,0;0,006;0,015;;;;;;;;
0532;;3;;Elektrische und nichtelektrische Haushalts-Kleingeräte;0,17754;112,5;109,5;2,7;9,2;0,005;0,018;;;;;;;;
05321;;4;;Küchenmaschinen;0,08114;114,1;111,3;2,5;7,9;0,002;0,007;;;;;;;;
053210;045000;7;0276;Hand-, Stabmixer;0,08114;114,1;111,3;2,5;7,9;0,002;0,007;;;;;;;;
05322;;4;;Kaffeemaschinen, Teezubereiter und ähnliche Geräte;0,08583;110,3;107,5;2,6;9,9;0,002;0,009;;;;;;;;
053220;045200;7;0283;Kaffeeautomat, -maschine;0,08583;110,3;107,5;2,6;9,9;0,002;0,009;;;;;;;;
05323;;4;;Bügeleisen;0,01057;111,5;106,3;4,9;14,9;0,001;0,002;;;;;;;;
053230;045100;7;0279;Dampfbügeleisen, -station;0,01057;111,5;106,3;4,9;14,9;0,001;0,002;;;;;;;;
0533;;3;;Reparaturen von Haushaltsgeräten;0,03560;111,3;109,4;1,7;10,1;0,001;0,004;;;;;;;;
05330;;4;;Reparaturen an Haushaltsgeräten;0,03560;111,3;109,4;1,7;10,1;0,001;0,004;;;;;;;;
053300;045300;7;0754;Waschmaschinenservice;0,03560;111,3;109,4;1,7;10,1;0,001;0,004;;;;;;;;
054;;2;;Glaswaren, Geschirr u. a. Gebrauchsgüter f. d. Haushalt;0,40147;111,4;110,6;0,7;3,1;0,003;0,013;;;;;;;;
0540;;3;;Glaswaren, Geschirr u. a. Gebrauchsgüter f. d. Haushaltsf.;0,40147;111,4;110,6;0,7;3,1;0,003;0,013;;;;;;;;
05401;;4;;Glaswaren, Kristallwaren, Keramikwaren und Porzellan;0,20127;111,2;110,3;0,8;2,4;0,002;0,005;;;;;;;;
054010;045400;7;0732;Wohn-Accessoires;0,12248;113,2;113,2;0,0;0,4;0,000;0,000;;;;;;;;
054010;046000;7;0744;Flachteller;0,05552;106,1;103,7;2,3;4,4;0,001;0,003;;;;;;;;
054010;046100;7;0745;Trinkglas;0,02327;110,0;107,6;2,2;9,5;0,001;0,002;;;;;;;;
05402;;4;;Bestecke, Schneid- und Silberwaren;0,03077;114,9;114,1;0,7;3,6;0,000;0,001;;;;;;;;
054020;045800;7;0742;Essbesteck;0,03077;114,9;114,1;0,7;3,6;0,000;0,001;;;;;;;;
05403;;4;;Nichtelektrische Küchengeräte;0,16943;111,1;110,5;0,5;3,8;0,001;0,007;;;;;;;;
054030;045600;7;0740;Druckkochtopf;0,07285;113,7;111,6;1,9;5,2;0,001;0,004;;;;;;;;
054030;045700;7;0741;Bratpfanne;0,04788;111,5;112,3;-0,7;1,7;0,000;0,001;;;;;;;;
054030;046200;7;0746;Mikrowellengeschirr;0,04870;107,2;107,2;0,0;4,2;0,000;0,002;;;;;;;;
055;;2;;Werkzeuge und Geräte für Haus und Garten;0,55560;102,6;102,5;0,1;3,2;0,001;0,018;;;;;;;;
0551;;3;;Großwerkzeuge und -geräte;0,20840;102,2;101,9;0,3;2,3;0,001;0,005;;;;;;;;
05511;;4;;Motorbetriebene Werkzeuge und Geräte;0,20840;102,2;101,9;0,3;2,3;0,001;0,005;;;;;;;;
055110;046400;7;0749;Bohrmaschine;0,04495;99,8;99,8;0,0;0,9;0,000;0,000;;;;;;;;
055110;046500;7;0750;Akkuschrauber;0,04904;102,4;102,4;0,0;1,8;0,000;0,001;;;;;;;;
055110;046600;7;0751;Rasenmäher;0,11441;103,2;102,6;0,6;3,2;0,001;0,004;;;;;;;;
0552;;3;;Kleinwerkzeuge und diverses Zubehör;0,34720;102,4;102,4;0,0;3,7;0,000;0,013;;;;;;;;
05521;;4;;Nichtelektrische Handwerkzeuge;0,12906;104,6;104,6;0,0;5,8;0,000;0,007;;;;;;;;
055210;047100;7;0736;Hammer;0,06373;102,8;102,8;0,0;4,9;0,000;0,003;;;;;;;;
055210;047200;7;0752;Gartenschere;0,06533;106,6;106,6;0,0;6,6;0,000;0,004;;;;;;;;
05522;;4;;Verschiedenes Handwerks- und Elektrozubehör;0,21814;101,8;101,8;0,0;2,5;0,000;0,006;;;;;;;;
055220;046700;7;0234;Batterie;0,16569;103,2;102,5;0,7;2,5;0,001;0,004;;;;;;;;
055220;046800;7;0267;LED-Lampe;0,03240;95,5;95,5;0,0;2,2;0,000;0,001;;;;;;;;
055220;047000;7;0268;LED-Spotlampe;0,02005;98,4;104,2;-5,6;3,6;-0,001;0,001;;;;;;;;
056;;2;;Waren und Dienstleistungen für die laufende Haushaltsf.;1,03544;106,5;106,4;0,1;6,4;0,001;0,068;;;;;;;;
0561;;3;;Kurzlebige Haushaltswaren;0,82266;107,0;106,8;0,2;7,3;0,001;0,061;;;;;;;;
05611;;4;;Reinigungs- und Pflegemittel;0,45146;101,9;102,2;-0,3;3,6;-0,001;0,017;;;;;;;;
056110;047500;7;0351;Geschirrspülmittel;0,07070;97,7;97,0;0,7;3,2;0,001;0,002;;;;;;;;
056110;047600;7;0352;Allzweckreiniger;0,08412;103,1;104,3;-1,2;5,6;-0,001;0,005;;;;;;;;
056110;047900;7;0355;Vollwaschmittel;0,18744;104,6;105,6;-0,9;4,2;-0,002;0,008;;;;;;;;
056110;048100;7;0444;WC-Stein, WC-Spüler;0,08615;100,0;97,9;2,1;0,7;0,002;0,001;;;;;;;;
056110;048200;7;0456;Spezialwaschmittel;0,02305;100,6;103,5;-2,8;3,4;-0,001;0,001;;;;;;;;
05612;;4;;Andere Verbrauchsgüter für die Haushaltsführung;0,37120;113,4;112,8;0,5;11,8;0,002;0,044;;;;;;;;
056120;047700;7;0353;Alufolie;0,09438;135,8;132,3;2,6;36,6;0,003;0,034;;;;;;;;
056120;047800;7;0354;Schwammtuch;0,08087;100,6;101,2;-0,6;0,5;-0,001;0,000;;;;;;;;
056120;048000;7;0391;Klebstoff;0,04934;107,9;107,5;0,4;8,3;0,000;0,004;;;;;;;;
056120;048300;7;0737;Spanplattenschrauben;0,05532;109,4;109,4;0,0;9,8;0,000;0,005;;;;;;;;
056120;048400;7;0770;Bodenwischer;0,09129;103,6;104,2;-0,6;0,4;0,000;0,000;;;;;;;;
0562;;3;;Häusliche Dienstleistungen;0,21278;104,7;104,7;0,0;3,3;0,000;0,007;;;;;;;;
05629;;4;;And. Dienstleistungen v. Haushaltshilfen u. a. häusl. Dienste;0,21278;104,7;104,7;0,0;3,3;0,000;0,007;;;;;;;;
056290;048500;7;0646;Gärtnerdienstleistung;0,09235;104,1;104,1;0,0;2,5;0,000;0,002;;;;;;;;
056290;048600;7;0771;Wohnungsreinigung;0,12043;105,1;105,1;0,0;3,9;0,000;0,005;;;;;;;;
06;;1;;GESUNDHEITSPFLEGE;5,58144;104,1;104,2;-0,1;2,5;-0,003;0,138;;;;;;;;
061;;2;;Medizinische Erzeugnisse;1,94089;105,3;105,5;-0,2;2,7;-0,004;0,054;;;;;;;;
0611;;3;;Pharmazeutische Erzeugnisse;1,13240;107,6;108,1;-0,5;3,4;-0,005;0,040;;;;;;;;
06110;;4;;Pharmazeutische Erzeugnisse (ohne solche für Tiere);1,13240;107,6;108,1;-0,5;3,4;-0,005;0,040;;;;;;;;
061100;048700;7;0778;Husten- und Erkältungsmittel;0,17547;112,1;112,1;0,0;2,7;0,000;0,005;;;;;;;;
061100;048800;7;0779;Schmerz-, Rheumamittel;0,09828;108,1;108,1;0,0;2,8;0,000;0,003;;;;;;;;
061100;048900;7;0780;Contraceptivum;0,07562;102,4;102,4;0,0;2,4;0,000;0,002;;;;;;;;
061100;049000;7;0781;Vitamin-, Gesundheitspräparat;0,32411;103,8;105,4;-1,5;0,2;-0,005;0,001;;;;;;;;
061100;049200;7;0782;Homöopathisches Medikament;0,03434;108,5;108,5;0,0;5,4;0,000;0,002;;;;;;;;
061100;049300;7;0783;Rezeptgebühr;0,25076;107,4;107,4;0,0;3,8;0,000;0,010;;;;;;;;
061100;049400;7;0787;Haut- und Schleimhautmittel;0,06767;104,9;104,9;0,0;2,9;0,000;0,002;;;;;;;;
061100;049500;7;0793;Magen- und Verdauungsmittel;0,10615;120,2;120,2;0,0;14,8;0,000;0,016;;;;;;;;
0612;;3;;Sonstige medizinische Erzeugnisse;0,11022;99,3;98,6;0,7;0,4;0,001;0,000;;;;;;;;
06121;;4;;Schwangerschaftstests u. mech. Empfängnisverhütungsmittel;0,01647;100,5;100,5;0,0;-1,2;0,000;0,000;;;;;;;;
061210;049700;7;0373;Kondome;0,01647;100,5;100,5;0,0;-1,2;0,000;0,000;;;;;;;;
06129;;4;;Andere medizinische Erzeugnisse, a.n.g.;0,09375;99,1;98,3;0,8;0,7;0,001;0,001;;;;;;;;
061290;049600;7;0368;Pflaster;0,09375;99,1;98,3;0,8;0,7;0,001;0,001;;;;;;;;
0613;;3;;Sonstige therapeutische Geräte;0,69827;102,5;102,5;0,0;2,0;0,000;0,014;;;;;;;;
06131;;4;;Korrektive Brillengläser und Kontaktlinsen;0,50130;99,7;99,6;0,1;0,3;0,001;0,002;;;;;;;;
061310;050200;7;0777;Kontaktlinsen;0,11960;99,8;99,0;0,8;-0,7;0,001;-0,001;;;;;;;;
061310;050300;7;0784;Brillengläser;0,28194;100,9;100,5;0,4;-0,5;0,001;-0,001;;;;;;;;
061310;050400;7;0785;Brillenfassung;0,09976;102,5;104,0;-1,4;3,6;-0,001;0,004;;;;;;;;
06132;;4;;Hörhilfen;0,05352;116,7;117,8;-0,9;14,7;-0,001;0,008;;;;;;;;
061320;050101;7;1012;Hörgerät;0,05352;116,7;117,8;-0,9;14,7;-0,001;0,008;;;;;;;;
06139;;4;;Andere therapeutische Geräte und Ausrüstungen;0,14345;106,7;106,7;0,0;3,0;0,000;0,004;;;;;;;;
061390;050102;7;1015;Heilbehelfe;0,14345;106,7;106,7;0,0;3,0;0,000;0,004;;;;;;;;
062;;2;;Ambulante Dienstleistungen;2,15006;101,4;101,4;0,0;1,3;0,000;0,027;;;;;;;;
0621;;3;;Medizinische Dienstleistungen;0,63276;109,2;109,2;0,0;10,2;0,000;0,063;;;;;;;;
06211;;4;;Allgemeinmedizin;0,20261;103,0;103,0;0,0;5,2;0,000;0,010;;;;;;;;
062110;050500;7;0755;Wahlarzt, Praktischer Arzt;0,06952;92,9;92,9;0,0;0,7;0,000;0,000;;;;;;;;
062110;050700;7;0792;E-Card-Gebühr;0,02707;106,3;106,3;0,0;3,3;0,000;0,001;;;;;;;;
062111;;S;;Praktischer Arzt (2 Positionen);0,10602;109,9;109,9;0,0;8,5;0,000;0,009;;;;;;;;
06212;;4;;Facharztmedizin;0,43015;111,9;111,9;0,0;12,6;0,000;0,053;;;;;;;;
062120;050600;7;0756;Wahlarzt, Facharzt;0,35124;107,0;107,0;0,0;8,3;0,000;0,028;;;;;;;;
062121;;S;;Facharzt, Ordination (3 Positionen);0,07891;132,7;132,7;0,0;30,5;0,000;0,025;;;;;;;;
0622;;3;;Zahnmedizinische Dienstleistungen;0,94482;106,0;106,0;0,0;4,6;0,000;0,043;;;;;;;;
06220;;4;;Zahnärztliche Dienstleistungen;0,94482;106,0;106,0;0,0;4,6;0,000;0,043;;;;;;;;
062200;051300;7;0774;Wahlarzt, Zahnarzt;0,26420;105,3;105,3;0,0;3,2;0,000;0,009;;;;;;;;
062200;051400;7;0791;Zahnarztleistung;0,68062;106,3;106,3;0,0;5,2;0,000;0,034;;;;;;;;
0623;;3;;Paramedizinische Dienstleistungen;0,57248;86,0;86,0;0,0;-13,2;0,000;-0,078;;;;;;;;
06239;;4;;And. Dienstleistungen nichtärztlicher Gesundheitsdienstberufe;0,57248;86,0;86,0;0,0;-13,2;0,000;-0,078;;;;;;;;
062390;051500;7;0757;Wahlarzt, Institut;0,07419;98,0;98,0;0,0;-7,1;0,000;-0,005;;;;;;;;
062390;051600;7;0758;Nichtärztliche Dienstleistung;0,49829;84,3;84,3;0,0;-14,2;0,000;-0,073;;;;;;;;
063;;2;;Krankenhausdienstleistungen;1,49049;106,4;106,4;0,0;3,7;0,001;0,057;;;;;;;;
0630;;3;;Stationäre Gesundheitsdienstleistungen;1,49049;106,4;106,4;0,0;3,7;0,001;0,057;;;;;;;;
06300;;4;;Stationäre Gesundheitsdienstleistungen;1,49049;106,4;106,4;0,0;3,7;0,001;0,057;;;;;;;;
063000;051700;7;0763;Kur-, Rehaaufenthalt;0,33596;106,5;106,2;0,3;3,4;0,001;0,011;;;;;;;;
063001;;S;;Pflegeplatz Senioren (4 Positionen);0,86531;106,9;106,9;0,0;3,8;0,000;0,034;;;;;;;;
063002;;S;;Spitalskosten (3 Positionen);0,28922;105,0;105,0;0,0;3,9;0,000;0,011;;;;;;;;
07;;1;;VERKEHR;13,71440;127,3;131,1;-2,9;16,8;-0,440;2,327;;;;;;;;
071;;2;;Kauf von Fahrzeugen;4,27784;119,3;118,6;0,6;14,6;0,021;0,617;;;;;;;;
0711;;3;;Kraftwagen;3,48654;120,7;119,8;0,8;16,3;0,020;0,557;;;;;;;;
07111;;4;;Neue Kraftwagen;1,71849;112,6;112,1;0,4;8,7;0,004;0,154;;;;;;;;
071110;;S;;PKW, Neuwagen (90 Positionen);1,71849;112,6;112,1;0,4;8,7;0,004;0,154;;;;;;;;
07112;;4;;Gebrauchte Kraftwagen;1,76805;129,5;128,3;0,9;24,4;0,016;0,403;;;;;;;;
071120;;S;;PKW, Gebrauchtwagen (23 Positionen);1,76805;129,5;128,3;0,9;24,4;0,016;0,403;;;;;;;;
0712;;3;;Krafträder;0,57001;111,1;111,1;0,0;8,0;0,001;0,045;;;;;;;;
07120;;4;;Motorräder;0,57001;111,1;111,1;0,0;8,0;0,001;0,045;;;;;;;;
071200;065700;7;0902;Moped;0,03489;126,6;124,8;1,4;12,5;0,001;0,004;;;;;;;;
071200;065800;7;0903;Motorrad;0,30007;106,1;105,8;0,3;3,9;0,001;0,012;;;;;;;;
071200;065880;7;1057;E-Bike;0,23505;115,0;115,6;-0,5;12,7;-0,001;0,029;;;;;;;;
0713;;3;;Fahrräder;0,22129;115,9;115,9;0,0;6,6;0,000;0,015;;;;;;;;
07130;;4;;Fahrräder;0,22129;115,9;115,9;0,0;6,6;0,000;0,015;;;;;;;;
071300;065900;7;0904;Fahrrad;0,22129;115,9;115,9;0,0;6,6;0,000;0,015;;;;;;;;
072;;2;;Betrieb von privaten Verkehrsmitteln;7,28810;135,3;143,4;-5,6;22,2;-0,472;1,634;;;;;;;;
0721;;3;;Ersatzteile und Zubehör für private Verkehrsmittel;0,53610;108,3;107,8;0,5;9,0;0,002;0,047;;;;;;;;
07211;;4;;Reifen;0,23358;113,6;113,1;0,4;13,0;0,001;0,030;;;;;;;;
072110;066400;7;0435;Sommerreifen;0,07728;123,9;123,5;0,3;20,1;0,000;0,016;;;;;;;;
072110;066500;7;0436;Winterreifen;0,15630;108,5;108,0;0,5;9,4;0,001;0,014;;;;;;;;
07212;;4;;Ersatzteile für Privatfahrzeuge;0,20748;103,2;103,1;0,1;5,6;0,000;0,012;;;;;;;;
072120;066100;7;0420;Scheibenwischer;0,08686;112,0;111,8;0,2;8,6;0,000;0,008;;;;;;;;
072120;066300;7;0422;Autobatterie;0,04539;112,9;112,8;0,1;7,9;0,000;0,004;;;;;;;;
072120;066800;7;0927;Autoersatzlampen;0,07523;88,0;88,0;0,0;0,7;0,000;0,001;;;;;;;;
07213;;4;;Zubehör für Privatfahrzeuge;0,09504;106,9;105,5;1,3;6,8;0,001;0,006;;;;;;;;
072130;066990;7;1600;Scheibenreiniger;0,03420;99,3;95,4;4,1;5,0;0,001;0,001;;;;;;;;
072130;067000;7;0931;Lastenträger PKW;0,06084;111,1;111,1;0,0;7,9;0,000;0,005;;;;;;;;
0722;;3;;Kraft- und Schmierstoffe für private Verkehrsmittel;3,37993;172,2;192,0;-10,3;43,6;-0,480;1,476;;;;;;;;
07221;;4;;Diesel;1,91632;176,1;195,2;-9,8;48,6;-0,259;0,921;;;;;;;;
072210;067400;7;0418;Dieseltreibstoff;1,91632;176,1;195,2;-9,8;48,6;-0,259;0,921;;;;;;;;
07222;;4;;Benzin;1,43215;168,5;189,8;-11,2;38,0;-0,221;0,554;;;;;;;;
072220;067300;7;0417;Superbenzin;1,43215;168,5;189,8;-11,2;38,0;-0,221;0,554;;;;;;;;
07224;;4;;Schmierstoffe;0,03146;108,1;109,7;-1,5;4,6;0,000;0,002;;;;;;;;
072240;067100;7;0415;Motoröl;0,03146;108,1;109,7;-1,5;4,6;0,000;0,002;;;;;;;;
0723;;3;;Instandhaltung und Reparatur von privaten Verkehrsmitteln;1,71969;109,9;109,6;0,3;5,3;0,005;0,092;;;;;;;;
07230;;4;;Wartung und Reparaturen an Privatfahrzeugen;1,71969;109,9;109,6;0,3;5,3;0,005;0,092;;;;;;;;
072300;067500;7;0423;Wagenwäsche;0,03813;106,8;106,4;0,4;4,3;0,000;0,002;;;;;;;;
072300;067600;7;0424;Kfz-Spenglerstunde;0,24090;108,9;108,6;0,3;6,3;0,001;0,015;;;;;;;;
072300;067700;7;0425;Kfz-Mechanikerstunde;0,36119;108,9;108,8;0,1;5,7;0,000;0,021;;;;;;;;
072300;068100;7;0432;Kfz-Elektrikerstunde;0,12066;111,6;111,6;0,0;6,9;0,000;0,008;;;;;;;;
072300;068400;7;0428;Scheinwerfer, Material;0,03050;109,6;109,1;0,5;4,7;0,000;0,001;;;;;;;;
072300;068500;7;0430;Auspuffanlage, Material;0,05482;108,7;108,3;0,4;4,8;0,000;0,003;;;;;;;;
072300;068700;7;0431;Bremsbeläge vorne, Material;0,50152;111,2;110,6;0,5;3,3;0,003;0,017;;;;;;;;
072300;068800;7;0433;Ölservice;0,16395;111,9;111,5;0,4;7,6;0,001;0,013;;;;;;;;
072300;068900;7;0548;Klimaanlagenservice;0,05381;113,2;112,6;0,5;8,6;0,000;0,005;;;;;;;;
072300;069000;7;0550;Reifenservice;0,03590;118,6;118,9;-0,3;10,5;0,000;0,004;;;;;;;;
072300;070201;7;0928;Beitrag zum Autofahrerclub;0,11831;102,8;102,8;0,0;2,3;0,000;0,003;;;;;;;;
0724;;3;;Sonstige Dienstleistungen an privaten Verkehrsmitteln;1,65238;101,6;101,5;0,1;1,1;0,001;0,019;;;;;;;;
07241;;4;;Miete von Garagen oder Parkplätzen und Personen-KFZ ohne Fahrer;0,10651;101,2;100,7;0,5;2,0;0,001;0,002;;;;;;;;
072410;069400;7;0495;Parkgarage;0,10651;101,2;100,7;0,5;2,0;0,001;0,002;;;;;;;;
07242;;4;;Benützungsgebühren und Parkometergebühren;1,35595;101,1;101,1;0,0;0,7;0,000;0,009;;;;;;;;
072420;069200;7;0493;Parkgebühr;0,04451;110,8;110,8;0,0;1,6;0,000;0,001;;;;;;;;
072420;069300;7;0494;Parkpickerl;0,02598;118,7;118,7;0,0;17,5;0,000;0,005;;;;;;;;
072420;069600;7;0582;Allgemeine Mautgebühr;0,15714;103,0;103,0;0,0;1,5;0,000;0,002;;;;;;;;
072420;069900;7;0925;Mautgebühr, Alpenstraße;0,06032;103,8;103,8;0,0;2,8;0,000;0,002;;;;;;;;
072421;;S;;Motorbezogene Versicherungssteuer (6 Positionen);1,06800;100,0;100,0;0,0;0,0;0,000;0,000;;;;;;;;
07243;;4;;Fahrunterr., Fahrprüf., Führersch. u. Straßentauglichkeitstests;0,18992;106,2;106,0;0,2;3,6;0,000;0,007;;;;;;;;
072430;069100;7;0470;Fahrschule;0,09489;108,8;108,4;0,4;4,7;0,000;0,005;;;;;;;;
072430;069700;7;0585;Wiederkehrende Begutachtung;0,05264;107,3;107,3;0,0;4,6;0,000;0,002;;;;;;;;
072430;069800;7;0807;Führerscheingebühr;0,01378;100,0;100,0;0,0;0,0;0,000;0,000;;;;;;;;
072430;070000;7;0926;Anmelden eines PKW;0,02861;100,0;100,0;0,0;0,0;0,000;0,000;;;;;;;;
073;;2;;Verkehrsdienstleistungen;2,14846;115,7;115,2;0,4;3,2;0,011;0,075;;;;;;;;
0731;;3;;Schienenpersonenverkehr;0,30669;94,3;93,9;0,4;-4,2;0,002;-0,013;;;;;;;;
07311;;4;;Personenbeförderung mit der Eisenbahn;0,30669;94,3;93,9;0,4;-4,2;0,002;-0,013;;;;;;;;
073110;070900;7;0951;Bahn - Normalpreisticket;0,03519;96,7;96,7;0,0;-2,7;0,000;-0,001;;;;;;;;
073110;071100;7;0952;Bahn - Sparschiene - Ticket;0,03981;98,9;97,2;1,7;2,7;0,001;0,001;;;;;;;;
073110;071300;7;0953;Bahn - Vorteilscard - Ticket;0,13260;96,1;96,1;0,0;-2,5;0,000;-0,004;;;;;;;;
073110;071400;7;0954;Bahn - Vorteilscard;0,04806;99,5;99,5;0,0;-0,2;0,000;0,000;;;;;;;;
073110;072200;7;0957;Bahn - Senioren - Vorteilscard;0,01478;100,0;100,0;0,0;0,0;0,000;0,000;;;;;;;;
073110;072220;7;1222;Bahn - Jahreskarte;0,03625;72,0;70,9;1,6;-28,0;0,001;-0,009;;;;;;;;
0732;;3;;Straßenpersonenverkehr;0,15045;110,3;110,3;0,0;11,5;0,000;0,018;;;;;;;;
07321;;4;;Personenbef. mit dem Omnibus u. mit dem Reisebus;0,05678;114,6;114,6;0,0;17,4;0,000;0,010;;;;;;;;
073210;072500;7;0932;Ausflugsbus;0,05678;114,6;114,6;0,0;17,4;0,000;0,010;;;;;;;;
07322;;4;;Personenbef. mittels Taxi u. mit gemietetem Fahrzg. mit Fahrer;0,09367;107,5;107,5;0,0;7,9;0,000;0,007;;;;;;;;
073220;072300;7;0496;Taxi, Tagesfahrt;0,04696;107,7;107,7;0,0;7,2;0,000;0,003;;;;;;;;
073220;072400;7;0497;Taxi, Nachtfahrt;0,04671;107,2;107,2;0,0;8,6;0,000;0,004;;;;;;;;
0733;;3;;Luftpersonenverkehr;0,52537;177,8;175,5;1,3;19,3;0,009;0,107;;;;;;;;
07332;;4;;Personenbeförderung im Auslandsflugverkehr;0,52537;177,8;175,5;1,3;19,3;0,009;0,107;;;;;;;;
073320;072702;7;1014;Flugticket Ausland;0,52537;177,8;175,5;1,3;19,3;0,009;0,107;;;;;;;;
0735;;3;;Kombinierter Personenverkehr;1,11575;97,4;97,4;0,0;-3,2;0,000;-0,037;;;;;;;;
07350;;4;;Kombinierte Personenbeförderungsleistungen;1,11575;97,4;97,4;0,0;-3,2;0,000;-0,037;;;;;;;;
073501;;S;;Innerstädtischer Verkehr - Tagesticket (5 Positionen);0,09304;104,1;104,1;0,0;2,7;0,000;0,002;;;;;;;;
073502;;S;;Innerstädtischer Verkehr - Dauerkarte (7 Positionen);1,02271;96,7;96,7;0,0;-3,8;0,000;-0,039;;;;;;;;
0736;;3;;Sonstige gekaufte Verkehrsdienstleistungen;0,05020;100,0;100,0;0,0;0,0;0,000;0,000;;;;;;;;
07362;;4;;Umzugs- und Lagerungsdienste;0,05020;100,0;100,0;0,0;0,0;0,000;0,000;;;;;;;;
073620;074300;7;0958;Bahn-Schließfachgebühr;0,05020;100,0;100,0;0,0;0,0;0,000;0,000;;;;;;;;
08;;1;;NACHRICHTENÜBERMITTLUNG;2,04518;95,8;96,2;-0,4;-1,4;-0,007;-0,030;;;;;;;;
081;;2;;Postdienste;0,03637;107,6;107,6;0,0;7,0;0,000;0,002;;;;;;;;
0810;;3;;Post- und Kurierdienstleistungen;0,03637;107,6;107,6;0,0;7,0;0,000;0,002;;;;;;;;
08101;;4;;Briefbearbeitungsdienstleistungen;0,01998;101,0;101,0;0,0;0,0;0,000;0,000;;;;;;;;
081010;074500;7;0936;Briefporto, Inland;0,01716;101,0;101,0;0,0;0,0;0,000;0,000;;;;;;;;
081010;074600;7;0937;Briefporto, Ausland;0,00282;101,3;101,3;0,0;0,0;0,000;0,000;;;;;;;;
08109;;4;;Andere Post- und Kurierdienstleistungen;0,01639;116,5;116,5;0,0;16,5;0,000;0,002;;;;;;;;
081090;074800;7;0939;Pakettarif;0,01639;116,5;116,5;0,0;16,5;0,000;0,002;;;;;;;;
082;;2;;Telefonapparate und Telefaxgeräte;0,41546;90,0;91,0;-1,1;-6,5;-0,004;-0,028;;;;;;;;
0820;;3;;Telefon- und Telefaxgeräte, einschließlich Reparatur;0,41546;90,0;91,0;-1,1;-6,5;-0,004;-0,028;;;;;;;;
08202;;4;;Mobiltelefone;0,41546;90,0;91,0;-1,1;-6,5;-0,004;-0,028;;;;;;;;
082020;074900;7;0969;Mobiltelefongerät;0,41546;90,0;91,0;-1,1;-6,5;-0,004;-0,028;;;;;;;;
083;;2;;Telefon- und Telefaxdienste;1,59335;97,0;97,2;-0,2;-0,3;-0,003;-0,004;;;;;;;;
0830;;3;;Telefon- und Telefaxdienstleistungen;1,59335;97,0;97,2;-0,2;-0,3;-0,003;-0,004;;;;;;;;
08301;;4;;Dienstleistungen für Festnetztelefonie;0,17606;100,0;100,0;0,0;0,0;0,000;0,000;;;;;;;;
083010;075101;7;1066;Festnetztelefonie;0,17606;100,0;100,0;0,0;0,0;0,000;0,000;;;;;;;;
08302;;4;;Dienstleistungen für Mobiltelefonie;1,07242;95,2;95,4;-0,2;-0,6;-0,003;-0,007;;;;;;;;
083020;076101;7;1067;Mobiltelefonie;1,07242;95,2;95,4;-0,2;-0,6;-0,003;-0,007;;;;;;;;
08303;;4;;Internetzugangsdienste;0,20819;103,1;103,1;0,0;1,1;0,000;0,002;;;;;;;;
083030;076200;7;0967;Internetgebühr;0,13623;104,3;104,3;0,0;1,7;0,000;0,002;;;;;;;;
083030;076300;7;0968;Mobiles Internet;0,07196;100,0;100,0;0,0;0,0;0,000;0,000;;;;;;;;
08304;;4;;Gebündelte Telekommunikationsdienste;0,13668;98,1;98,1;0,0;-0,1;0,000;0,000;;;;;;;;
083040;076301;7;1068;Gebündelter Tarif;0,13668;98,1;98,1;0,0;-0,1;0,000;0,000;;;;;;;;
09;;1;;FREIZEIT UND KULTUR;11,38210;107,9;108,4;-0,5;4,4;-0,046;0,490;;;;;;;;
091;;2;;Geräte f. Audiovision, Fotografie und Datenverarbeitung;1,09962;100,6;99,9;0,7;-0,5;0,006;-0,006;;;;;;;;
0911;;3;;Empfangs-, Aufzeichnungs- und Wiedergabegeräte für Ton/Bild;0,37452;97,2;95,6;1,7;-3,5;0,005;-0,013;;;;;;;;
09111;;4;;Geräte f. d. Empfang, die Aufnahme u. Wiedergabe von Ton;0,06326;83,5;83,4;0,1;-9,4;0,000;-0,006;;;;;;;;
091110;091110;7;1200;Soundbar;0,06326;84,6;84,5;0,1;-9,4;0,000;-0,006;;;;;;;;
09112;;4;;Geräte f. d. Empfang, die Aufnahme und Wiederg. von Ton u. Bild;0,31126;100,2;98,2;2,0;-2,1;0,005;-0,007;;;;;;;;
091120;077000;7;0821;Satellitenanlage;0,01338;108,5;105,6;2,7;3,7;0,000;0,001;;;;;;;;
091120;077200;7;0864;Flachfernseher;0,29788;99,6;97,7;1,9;-2,5;0,005;-0,007;;;;;;;;
0912;;3;;Foto-, Kino- und optische Geräte;0,09358;111,4;111,9;-0,4;5,9;0,000;0,006;;;;;;;;
09121;;4;;Kameras;0,09358;111,4;111,9;-0,4;5,9;0,000;0,006;;;;;;;;
091210;077400;7;0824;Spiegelreflexkamera;0,04347;97,8;98,4;-0,6;-1,9;0,000;-0,001;;;;;;;;
091210;077600;7;0854;Digitalkompaktkamera;0,05011;124,9;125,0;-0,1;13,2;0,000;0,007;;;;;;;;
0913;;3;;Datenverarbeitungsgeräte;0,45198;106,7;106,1;0,6;0,3;0,002;0,001;;;;;;;;
09131;;4;;Personalcomputer;0,32719;105,5;104,5;1,0;-3,2;0,003;-0,011;;;;;;;;
091310;078100;7;0843;PC;0,07265;103,6;103,8;-0,2;-3,8;0,000;-0,003;;;;;;;;
091310;078300;7;0861;Notebook / Tablet;0,25454;106,1;104,7;1,3;-3,0;0,003;-0,008;;;;;;;;
09132;;4;;Zubehör für Informationsverarbeitungsgeräte;0,09447;106,0;105,5;0,5;7,5;0,000;0,007;;;;;;;;
091320;078200;7;0860;PC-Zubehör;0,09447;106,0;105,5;0,5;7,5;0,000;0,007;;;;;;;;
09133;;4;;Software;0,03032;120,2;124,3;-3,3;15,8;-0,001;0,005;;;;;;;;
091330;077700;7;0799;Softwarepaket;0,03032;120,2;124,3;-3,3;15,8;-0,001;0,005;;;;;;;;
0914;;3;;Aufzeichnungsmedien;0,15966;86,3;86,7;-0,5;-0,5;-0,001;-0,001;;;;;;;;
09141;;4;;Bespielte Ton-, Bild- und Datenträger;0,12659;83,2;83,2;0,0;0,0;0,000;0,000;;;;;;;;
091410;091410;7;1300;Musikstreaming;0,12659;100,0;100,0;0,0;0,0;0,000;0,000;;;;;;;;
09149;;4;;Andere Ton-, Bild- und Datenträger;0,03307;92,1;94,2;-2,2;-2,2;-0,001;-0,001;;;;;;;;
091490;079300;7;0859;Speichermedium;0,03307;92,1;94,2;-2,2;-2,2;-0,001;-0,001;;;;;;;;
0915;;3;;Reparatur v. Geräten f. Audiovision, Fotografie und Datenverarb.;0,01988;103,0;103,0;0,0;2,4;0,000;0,000;;;;;;;;
09150;;4;;Reparatur audiovis., fotogr. und Info-Verarbeitungsgeräte u. Zubehör;0,01988;103,0;103,0;0,0;2,4;0,000;0,000;;;;;;;;
091500;079400;7;0828;Fernsehmechaniker / PC-Service;0,01988;103,0;103,0;0,0;2,4;0,000;0,000;;;;;;;;
092;;2;;Sonstige wesentliche Gebrauchsgüter für Freizeit und Kultur;0,23442;106,3;106,3;0,0;3,0;0,000;0,007;;;;;;;;
0922;;3;;Wesentliche Gebrauchsgüter für die Freizeit einschl. Musikinstr.;0,23442;106,3;106,3;0,0;3,0;0,000;0,007;;;;;;;;
09221;;4;;Musikinstrumente;0,14143;105,4;105,4;0,0;1,2;0,000;0,002;;;;;;;;
092210;079500;7;0803;Blockflöte;0,09266;104,1;104,1;0,0;0,9;0,000;0,001;;;;;;;;
092210;079600;7;0804;Gitarre;0,04877;108,0;108,0;0,0;2,0;0,000;0,001;;;;;;;;
09222;;4;;Größere langlebige Gebrauchsgüter für Freizeit in Räumen;0,09299;108,2;108,2;0,0;5,8;0,000;0,005;;;;;;;;
092220;079700;7;0806;Tischtennistisch;0,09299;108,2;108,2;0,0;5,8;0,000;0,005;;;;;;;;
093;;2;;Sonstige Freizeitartikel u. -geräte, Gartenartikel u. Heimtiere;2,66101;107,3;107,2;0,1;8,6;0,001;0,224;;;;;;;;
0931;;3;;Spiel- und Hobbywaren;0,57151;103,3;103,8;-0,5;0,8;-0,003;0,005;;;;;;;;
09311;;4;;Spiele und Hobbywaren;0,14951;97,5;101,3;-3,8;-7,9;-0,005;-0,012;;;;;;;;
093110;080300;7;0453;Brettspiel;0,04231;104,8;104,3;0,5;6,3;0,000;0,003;;;;;;;;
093110;080400;7;0454;Grundgerät für Videospiel;0,04672;99,2;100,4;-1,2;-6,2;0,000;-0,003;;;;;;;;
093110;080500;7;0455;CD-Rom-Spiel für PC;0,06048;88,8;98,5;-9,8;-19,9;-0,005;-0,012;;;;;;;;
09312;;4;;Spielzeug und Festartikel;0,42200;105,3;104,6;0,7;3,9;0,002;0,017;;;;;;;;
093120;079800;7;0448;Dreirad / Rutschauto / Laufrad;0,03574;99,3;101,3;-2,0;-0,5;-0,001;0,000;;;;;;;;
093120;079900;7;0449;Modepuppe;0,04346;107,6;104,0;3,5;8,0;0,001;0,004;;;;;;;;
093120;080000;7;0450;Kunststoffbaukasten;0,09671;100,7;100,7;0,0;-1,3;0,000;-0,001;;;;;;;;
093120;080100;7;0451;Metallmodellfahrzeug;0,10611;108,7;108,4;0,3;7,6;0,000;0,008;;;;;;;;
093120;080150;7;1500;Folienballon 9);0,13998;107,4;106,1;1,2;4,7;0,002;0,006;;;;;;;;
0932;;3;;Sportgeräte u. Ausrüstungen f. Camping u. Erholung im Freien;0,55089;101,0;100,9;0,1;14,6;0,000;0,068;;;;;;;;
09321;;4;;Geräte und Ausrüstungen für Sport;0,52202;101,7;101,6;0,1;15,2;0,000;0,066;;;;;;;;
093210;080700;7;0337;Schischuhe / Inlineskater;0,24637;102,5;103,1;-0,6;24,2;-0,001;0,043;;;;;;;;
093210;080800;7;0338;Tennisbälle;0,09737;104,0;102,3;1,7;6,0;0,001;0,006;;;;;;;;
093210;081100;7;0583;Schi inkl. Bindung;0,08904;104,2;104,1;0,1;16,9;0,000;0,013;;;;;;;;
093210;081600;7;0812;Fitnessgerät;0,08924;110,4;110,4;0,0;4,8;0,000;0,004;;;;;;;;
09322;;4;;Geräte und Ausrüstungen für Camping und Erholung im Freien;0,02021;88,1;88,1;0,0;11,5;0,000;0,002;;;;;;;;
093220;081300;7;0600;Schlafsack;0,02021;88,1;88,1;0,0;11,5;0,000;0,002;;;;;;;;
09323;;4;;Reparatur an Ger. u. Ausrüstg. f. Sport, Camping u. Erholg. im Freien;0,00866;95,9;95,8;0,1;-4,2;0,000;0,000;;;;;;;;
093230;081700;7;0813;Schi- / Racketservice;0,00866;95,9;95,8;0,1;-4,2;0,000;0,000;;;;;;;;
0933;;3;;Pflanzen;0,69907;111,5;112,0;-0,4;9,9;-0,004;0,071;;;;;;;;
09331;;4;;Verbrauchsgüter für Gartenpflege;0,17973;117,8;118,3;-0,4;12,2;-0,001;0,022;;;;;;;;
093310;081800;7;0820;Blumenübertopf;0,09140;115,7;116,5;-0,7;10,0;-0,001;0,009;;;;;;;;
093310;082400;7;0833;Blumenerde;0,05476;114,7;114,7;0,0;14,6;0,000;0,008;;;;;;;;
093310;082500;7;0834;Düngemittel;0,03357;129,5;129,5;0,0;14,4;0,000;0,005;;;;;;;;
09332;;4;;Gartenerzeugnisse;0,51934;109,4;109,9;-0,5;9,1;-0,003;0,048;;;;;;;;
093320;081900;7;0829;Blumen;0,19013;107,7;111,7;-3,6;6,4;-0,007;0,013;;;;;;;;
093320;082000;7;0830;Zimmerpflanze;0,11062;109,7;109,3;0,4;8,1;0,000;0,009;;;;;;;;
093320;082100;7;0831;Gartenpflanze;0,19406;109,6;107,5;2,0;11,5;0,004;0,023;;;;;;;;
093320;082200;7;0832;Grassamen;0,02453;124,9;124,9;0,0;14,0;0,000;0,004;;;;;;;;
0934;;3;;Heimtiere und Heimtierartikel;0,57037;112,2;110,8;1,3;13,0;0,008;0,075;;;;;;;;
09342;;4;;Ge- und Verbrauchsgüter für die Haustierhaltung;0,57037;112,2;110,8;1,3;13,0;0,008;0,075;;;;;;;;
093420;082700;7;0370;Katzenfutter;0,26458;112,3;110,4;1,7;14,9;0,005;0,040;;;;;;;;
093420;082800;7;0371;Hundefutter, trocken;0,10863;111,7;110,2;1,4;10,9;0,001;0,012;;;;;;;;
093420;082801;7;1059;Hundefutter, nass;0,09438;116,6;115,9;0,6;17,2;0,001;0,017;;;;;;;;
093420;082900;7;0372;Hundeleine;0,03335;98,8;99,7;-0,9;0,1;0,000;0,000;;;;;;;;
093420;083000;7;0434;Katzenstreu;0,06943;112,5;111,4;1,0;9,1;0,001;0,006;;;;;;;;
0935;;3;;Veterinär- u.a. Dienstleistungen für Heimtiere;0,26917;105,4;105,4;0,0;2,4;0,000;0,007;;;;;;;;
09350;;4;;Veterinär- u.a. Dienstleistungen für Haustiere;0,26917;105,4;105,4;0,0;2,4;0,000;0,007;;;;;;;;
093500;083100;7;0504;Tierarzt, Hundeimpfung;0,21591;105,6;105,6;0,0;2,4;0,000;0,005;;;;;;;;
093500;083200;7;0518;Chip für Hunde;0,05326;104,4;104,4;0,0;2,4;0,000;0,001;;;;;;;;
094;;2;;Freizeit- und Kulturdienstleistungen;3,96812;104,7;104,8;-0,1;3,5;-0,006;0,137;;;;;;;;
0941;;3;;Freizeit- und Sportdienstleistungen;1,72197;106,1;106,0;0,1;3,6;0,001;0,063;;;;;;;;
09411;;4;;Besuch von Sport- und Erholungsveranstaltungen;0,08458;100,0;100,1;-0,1;-0,1;0,000;0,000;;;;;;;;
094110;083500;7;0476;Fußballspiel, Eintritt;0,08458;100,0;100,1;-0,1;-0,1;0,000;0,000;;;;;;;;
09412;;4;;Teilnahme an Sport- und Erholungsveranstaltungen;1,63739;106,6;106,5;0,1;3,8;0,001;0,063;;;;;;;;
094120;083300;7;0466;Musikschule;0,09573;101,9;101,9;0,0;0,6;0,000;0,001;;;;;;;;
094120;083400;7;0475;Tennisvereinsbeitrag;0,16685;103,2;103,2;0,0;2,8;0,000;0,005;;;;;;;;
094120;083600;7;0482;Freiluftbad, Eintritt Erwachsene;0,05055;116,4;116,4;0,0;19,1;0,000;0,010;;;;;;;;
094120;084000;7;0822;Therme, Eintritt;0,12717;109,7;109,7;0,0;6,3;0,000;0,008;;;;;;;;
094120;084100;7;0486;Fitnessstudio;0,41809;106,4;106,0;0,4;4,8;0,002;0,021;;;;;;;;
094120;084200;7;0505;Reitstunde;0,12778;111,5;112,1;-0,5;6,5;-0,001;0,008;;;;;;;;
094120;084300;7;0934;Seilbahnen und Lifte;0,53068;105,1;105,1;0,0;0,2;0,000;0,001;;;;;;;;
094120;084400;7;0478;Hallenbad, Eintritt Erwachsene;0,02411;110,3;110,3;0,0;15,4;0,000;0,003;;;;;;;;
094120;084950;7;1058;Tanzschule;0,06497;121,0;120,2;0,7;9,9;0,000;0,006;;;;;;;;
094120;084970;7;1400;Schiverleih;0,03146;100,0;100,0;0,0;-0,8;0,000;0,000;;;;;;;;
0942;;3;;Kulturdienstleistungen;1,44642;105,6;106,1;-0,5;5,0;-0,007;0,074;;;;;;;;
09421;;4;;Kinos, Theater, Konzerthallen;0,48666;103,3;104,7;-1,3;4,2;-0,006;0,024;;;;;;;;
094210;084800;7;0395;Kino, Eintrittskarte Erwachsene;0,20676;105,2;105,8;-0,6;3,6;-0,001;0,008;;;;;;;;
094210;085200;7;0468;Musiktheater;0,20745;101,2;103,7;-2,4;4,8;-0,005;0,012;;;;;;;;
094210;085300;7;0469;Sprechtheater;0,07245;104,6;105,0;-0,4;4,7;0,000;0,004;;;;;;;;
09422;;4;;Museen, Kunstgalerien, zoologische und botanische Gärten;0,19140;109,1;109,1;0,0;5,9;0,000;0,012;;;;;;;;
094220;085500;7;0506;Touristische Attraktion, Erwachsene;0,08980;108,5;108,5;0,0;4,9;0,000;0,005;;;;;;;;
094220;085900;7;0471;Zoo / Landesausstellung Erwachsene;0,10160;109,6;109,6;0,0;6,9;0,000;0,007;;;;;;;;
09423;;4;;Fernseh- und Rundfunkgebühren, Abonnementsgebühren;0,69306;106,4;106,4;0,0;5,3;0,000;0,038;;;;;;;;
094230;085400;7;0503;Gebühr für Telekabel / digitales Antennen TV;0,09302;103,3;103,3;0,0;1,9;0,000;0,002;;;;;;;;
094230;085401;7;1069;Pay-TV;0,19308;106,3;106,3;0,0;3,6;0,000;0,006;;;;;;;;
094230;085700;7;0581;Fernseh-Kombigebühr;0,40696;107,5;107,5;0,0;7,1;0,000;0,030;;;;;;;;
09425;;4;;Dienstleistungen von Fotografen;0,07530;104,4;105,2;-0,8;1,6;-0,001;0,001;;;;;;;;
094250;085100;7;0401;Digitale Fotoausarbeitung;0,07530;104,4;105,2;-0,8;1,6;-0,001;0,001;;;;;;;;
0943;;3;;Glücksspiele;0,79973;100,0;100,0;0,0;0,0;0,000;0,000;;;;;;;;
09430;;4;;Glücksspiele;0,79973;100,0;100,0;0,0;0,0;0,000;0,000;;;;;;;;
094300;086300;7;0850;Lotto;0,36876;100,0;100,0;0,0;0,0;0,000;0,000;;;;;;;;
094300;086400;7;0851;Joker;0,13124;100,0;100,0;0,0;0,0;0,000;0,000;;;;;;;;
094300;086500;7;0852;Rubbellos;0,06147;100,0;100,0;0,0;0,0;0,000;0,000;;;;;;;;
094300;086600;7;0855;Euromillionen;0,23826;100,0;100,0;0,0;0,0;0,000;0,000;;;;;;;;
095;;2;;Zeitungen, Bücher und Schreibwaren;1,10992;108,9;109,4;-0,5;3,9;-0,006;0,043;;;;;;;;
0951;;3;;Bücher;0,26783;100,2;102,4;-2,1;0,0;-0,005;0,000;;;;;;;;
09511;;4;;Belletristik;0,12670;95,2;100,7;-5,5;-3,6;-0,006;-0,005;;;;;;;;
095110;086800;7;0796;Bestseller, Belletristik;0,07587;96,9;107,7;-10,0;-5,6;-0,007;-0,004;;;;;;;;
095110;086900;7;0797;Bestseller, Kinderbuch;0,05083;93,0;91,2;2,0;-0,6;0,001;0,000;;;;;;;;
09513;;4;;Andere Sachbücher;0,14113;104,6;103,9;0,7;3,3;0,001;0,005;;;;;;;;
095130;086700;7;0795;Fachbuch;0,09954;102,1;102,1;0,0;1,7;0,000;0,002;;;;;;;;
095130;087000;7;0798;Bestseller, Sachbuch;0,04159;111,4;109,0;2,2;6,9;0,001;0,003;;;;;;;;
0952;;3;;Zeitungen und Zeitschriften;0,54623;114,1;113,8;0,3;4,4;0,002;0,025;;;;;;;;
09521;;4;;Zeitungen;0,40998;113,5;113,5;0,0;2,4;0,000;0,010;;;;;;;;
095210;;S;;Tageszeitungen (9 Positionen);0,40998;113,5;113,5;0,0;2,4;0,000;0,010;;;;;;;;
09522;;4;;Magazine und Zeitschriften;0,13625;116,5;115,0;1,3;10,6;0,002;0,014;;;;;;;;
095220;087100;7;0808;Illustrierte;0,13625;116,5;115,0;1,3;10,6;0,002;0,014;;;;;;;;
0953;;3;;Sonstige Druckerzeugnisse;0,06935;104,2;105,3;-1,0;-0,3;-0,001;0,000;;;;;;;;
09530;;4;;Andere Druckerzeugnisse;0,06935;104,2;105,3;-1,0;-0,3;-0,001;0,000;;;;;;;;
095300;088600;7;0313;Glückwunschbillet;0,06935;104,2;105,3;-1,0;-0,3;-0,001;0,000;;;;;;;;
0954;;3;;Schreibwaren und Zeichenmaterial;0,22651;108,7;109,2;-0,5;8,6;-0,002;0,018;;;;;;;;
09541;;4;;Papierwaren;0,07457;105,5;107,4;-1,8;7,5;-0,002;0,005;;;;;;;;
095410;088900;7;0385;Schulheft;0,03161;108,9;115,0;-5,3;18,8;-0,002;0,005;;;;;;;;
095410;089500;7;0390;Geschenkpapier;0,04296;103,2;102,2;1,0;0,7;0,000;0,000;;;;;;;;
09549;;4;;Andere Schreibwaren und Zeichenmaterialien;0,15194;110,5;110,2;0,3;9,1;0,000;0,013;;;;;;;;
095490;088800;7;0384;Schulfüllfeder;0,03941;109,6;110,2;-0,5;8,1;0,000;0,003;;;;;;;;
095490;089200;7;0388;Buntstifte;0,05392;105,4;105,9;-0,5;8,8;0,000;0,004;;;;;;;;
095490;089300;7;0389;Bleistift;0,03580;114,3;113,3;0,9;7,6;0,000;0,003;;;;;;;;
095490;089400;7;0392;Ringmappe;0,02281;118,4;115,9;2,2;14,1;0,000;0,003;;;;;;;;
096;;2;;Pauschalreisen;2,30901;116,7;119,0;-1,9;4,0;-0,041;0,083;;;;;;;;
0960;;3;;Pauschalreisen;2,30901;116,7;119,0;-1,9;4,0;-0,041;0,083;;;;;;;;
09602;;4;;Pauschalreisen für Auslandsurlaube;2,30901;116,7;119,0;-1,9;4,0;-0,041;0,083;;;;;;;;
096020;089700;7;0841;Buspauschalreisen im Ausland;0,26879;66,8;68,1;-1,9;-31,3;-0,003;-0,068;;;;;;;;
096020;089800;7;0845;Städteflug;0,09999;111,8;116,7;-4,2;14,2;-0,005;0,014;;;;;;;;
096020;089900;7;0846;Flugpauschalreisen;1,94023;123,8;126,1;-1,8;7,6;-0,033;0,137;;;;;;;;
10;;1;;ERZIEHUNG UND UNTERRICHT;0,98099;104,1;104,1;0,0;2,5;0,000;0,024;;;;;;;;
101;;2;;Kindergarten, Volksschule, Internat;0,14764;104,9;104,9;0,0;4,0;0,000;0,006;;;;;;;;
1010;;3;;Dienstl. d. Bildungseinr. d. Elementar- und Primarbereichs;0,14764;104,9;104,9;0,0;4,0;0,000;0,006;;;;;;;;
10101;;4;;Dienstl. d. Bildungseinr. des Elementarber. (ISCED-97 Kategorie 0);0,08824;105,6;105,6;0,0;4,9;0,000;0,004;;;;;;;;
101010;;S;;Kindergartengebühr (3 Positionen);0,08824;105,6;105,6;0,0;4,9;0,000;0,004;;;;;;;;
10102;;4;;Dienstl. d. Bildungseinr. des Primarber. (ISCED-97 Kategorie 1);0,05940;104,0;104,0;0,0;2,7;0,000;0,002;;;;;;;;
101020;090000;7;0467;Volksschule, Non Profit, privat;0,05940;104,0;104,0;0,0;2,7;0,000;0,002;;;;;;;;
102;;2;;Mittelschule, Schulausflüge;0,10536;101,5;101,5;0,0;-1,0;0,000;-0,001;;;;;;;;
1020;;3;;Dienstleistungen d. Bildungseinrichtungen d. Sekundarber.;0,10536;101,5;101,5;0,0;-1,0;0,000;-0,001;;;;;;;;
10200;;4;;Dienstleistungen d. Bildungseinrichtungen d. Sekundarber.;0,10536;101,5;101,5;0,0;-1,0;0,000;-0,001;;;;;;;;
102000;090400;7;0439;Mittelschule, AHS;0,04468;104,2;104,2;0,0;2,3;0,000;0,001;;;;;;;;
102000;090550;7;1072;Schulsportwoche;0,06068;99,8;99,8;0,0;-3,3;0,000;-0,002;;;;;;;;
103;;2;;AHS oder BHS, 9, - 13, Schulstufe;0,07890;103,5;103,5;0,0;2,1;0,000;0,002;;;;;;;;
1030;;3;;Dienstleistungen d. postsekund., nicht-tertiären Bildungsber.;0,07890;103,5;103,5;0,0;2,1;0,000;0,002;;;;;;;;
10300;;4;;Dienstleistungen d. postsekund., nicht-tertiären Bildungsber.;0,07890;103,5;103,5;0,0;2,1;0,000;0,002;;;;;;;;
103000;090700;7;0440;AHS, BHS Oberstufe;0,07890;103,5;103,5;0,0;2,1;0,000;0,002;;;;;;;;
104;;2;;Studiengebühren;0,18721;105,6;105,6;0,0;3,2;0,000;0,006;;;;;;;;
1040;;3;;Dienstleistungen d. Bildungseinrichtungen d. Tertiärbereichs;0,18721;105,6;105,6;0,0;3,2;0,000;0,006;;;;;;;;
10400;;4;;Dienstleistungen d. Bildungseinrichtungen d. Tertiärbereichs;0,18721;105,6;105,6;0,0;3,2;0,000;0,006;;;;;;;;
104000;090800;7;0601;Uni-Lehrgang;0,13255;104,6;104,6;0,0;4,5;0,000;0,006;;;;;;;;
104000;090900;7;0603;Studiengebühr;0,05466;108,3;108,3;0,0;0,5;0,000;0,000;;;;;;;;
105;;2;;Kurse;0,46188;103,9;104,0;-0,1;2,4;0,000;0,011;;;;;;;;
1050;;3;;Dienstleistungen nicht einstufbarer Bildungseinrichtungen;0,46188;103,9;104,0;-0,1;2,4;0,000;0,011;;;;;;;;
10500;;4;;Dienstleistungen nicht einstufbarer Bildungseinrichtungen;0,46188;103,9;104,0;-0,1;2,4;0,000;0,011;;;;;;;;
105000;091000;7;0098;Nachhilfe;0,08791;106,5;106,5;0,0;5,2;0,000;0,005;;;;;;;;
105000;091100;7;0814;Sprachkurs;0,09518;101,6;101,6;0,0;0,4;0,000;0,000;;;;;;;;
105000;091200;7;0880;Sprachaufenthalt / Lerncamp;0,04447;107,1;107,5;-0,4;4,6;0,000;0,002;;;;;;;;
105000;091300;7;0815;Fortbildungskurs, -lehrgang;0,18355;103,3;103,3;0,0;1,7;0,000;0,003;;;;;;;;
105000;091400;7;0816;EDV-Kurs;0,05077;102,9;102,9;0,0;1,5;0,000;0,001;;;;;;;;
11;;1;;RESTAURANTS UND HOTELS;12,68002;115,4;114,2;1,1;9,9;0,128;1,272;;;;;;;;
111;;2;;Bewirtungsdienstleistungen;11,05493;114,1;113,4;0,6;9,7;0,076;1,092;;;;;;;;
1111;;3;;Restaurants, Cafés und dergleichen;10,41032;114,5;113,8;0,6;10,0;0,070;1,051;;;;;;;;
11111;;4;;Restaurants, Cafés und Tanzlokale;8,57988;114,5;113,8;0,6;9,6;0,052;0,836;;;;;;;;
111110;092201;7;1063;Cocktail;0,66685;110,5;110,2;0,3;7,8;0,002;0,052;;;;;;;;
111110;092500;7;0189;Vegetarisches Gericht;0,31856;120,7;119,8;0,8;12,4;0,002;0,040;;;;;;;;
111110;092600;7;0179;Frühstück, Kaffeehaus;0,17786;111,1;110,5;0,5;5,6;0,001;0,010;;;;;;;;
111110;092700;7;0192;Tortenstück, Kaffeehaus;0,19633;113,5;113,3;0,2;7,6;0,000;0,015;;;;;;;;
111110;092800;7;0193;Kaffee (Verlängerter, Melange, Cappuccino, Lungo);0,44409;108,0;107,7;0,3;4,7;0,001;0,022;;;;;;;;
111110;092900;7;0177;Tee, Kaffeehaus;0,14721;112,9;112,5;0,4;6,5;0,000;0,010;;;;;;;;
111110;093000;7;0194;Mischgetränk alkoholisch, Kaffeehaus;0,27003;111,9;111,5;0,4;6,3;0,001;0,017;;;;;;;;
111110;093200;7;0196;Tagessuppe / Suppe;0,09752;117,0;117,0;0,0;11,5;0,000;0,011;;;;;;;;
111110;093500;7;0199;Tagesmenü / Mittagsmenü;0,30146;117,2;116,1;0,9;10,6;0,003;0,032;;;;;;;;
111110;093600;7;0200;Schweinefleischgericht;0,19256;118,4;117,6;0,7;12,1;0,001;0,024;;;;;;;;
111110;093700;7;0201;Schnitzel, paniert;0,44549;118,2;117,5;0,6;12,3;0,003;0,054;;;;;;;;
111110;093800;7;0202;Rindfleischgericht;0,40830;117,5;116,8;0,6;11,7;0,003;0,048;;;;;;;;
111110;093900;7;0178;Mehlspeise, Kaffeehaus;0,12531;115,2;115,0;0,2;9,1;0,000;0,012;;;;;;;;
111110;094000;7;0174;Toast, Kaffeehaus;0,09640;112,3;111,3;0,9;8,2;0,001;0,008;;;;;;;;
111110;094100;7;0203;Beilagensalat;0,15184;114,3;113,6;0,6;10,4;0,001;0,016;;;;;;;;
111110;094200;7;0204;Mehlspeise, warm;0,17403;118,7;118,5;0,2;11,6;0,000;0,020;;;;;;;;
111110;094300;7;0205;Fischgericht;0,30909;119,6;118,8;0,7;12,8;0,002;0,040;;;;;;;;
111110;094500;7;0207;Kleiner Brauner, einfacher Espresso;0,12604;110,9;110,4;0,5;8,0;0,001;0,010;;;;;;;;
111110;094600;7;0208;Bier, Restaurant;0,48912;110,6;110,0;0,5;7,3;0,003;0,036;;;;;;;;
111110;094700;7;0209;Wein, Restaurant;0,89927;117,5;116,8;0,6;11,1;0,005;0,100;;;;;;;;
111110;094800;7;0210;Mineralwasser, Restaurant;0,39688;112,9;111,7;1,1;8,8;0,004;0,035;;;;;;;;
111110;094900;7;0211;Apfelsaft, Restaurant;0,13799;114,0;112,2;1,6;10,3;0,002;0,014;;;;;;;;
111110;095000;7;0212;Colagetränk, Restaurant;0,27278;110,5;110,2;0,3;6,8;0,001;0,019;;;;;;;;
111110;095100;7;0213;Fruchtsaft, Restaurant;0,06892;109,8;109,0;0,7;6,9;0,000;0,005;;;;;;;;
111110;095500;7;0604;Vorspeise / Pasta, ital. Restaurant;0,22714;117,8;117,1;0,6;12,2;0,001;0,028;;;;;;;;
111110;095600;7;0605;Pizza, ital. Restaurant;0,40483;114,8;114,0;0,7;12,0;0,003;0,050;;;;;;;;
111110;095700;7;0606;Mittagsmenü, ital. Restaurant;0,27812;115,8;115,1;0,6;11,6;0,002;0,032;;;;;;;;
111110;095800;7;0607;Nachspeise, ital. Restaurant;0,21504;116,2;115,4;0,7;11,2;0,002;0,025;;;;;;;;
111110;095900;7;0621;Vorspeise, asiat. Restaurant;0,06285;109,5;108,3;1,1;8,6;0,001;0,005;;;;;;;;
111110;096000;7;0622;Hauptspeise, asiat. Restaurant;0,26006;111,9;110,2;1,5;8,7;0,004;0,023;;;;;;;;
111110;096100;7;0623;Mittagsmenü, -buffet, asiat. Restaurant;0,21791;117,6;116,8;0,7;10,5;0,002;0,023;;;;;;;;
11112;;4;;Schnellrest. u. Betr., die Speisen u. Getr. zum Mitnehmen verkaufen;1,83044;114,6;113,5;1,0;11,7;0,018;0,214;;;;;;;;
111120;091500;7;0023;Leberkäse, heiß;0,17504;109,5;109,5;0,0;9,4;0,000;0,017;;;;;;;;
111120;091600;7;0099;Pizza inkl. Zustellung;0,37692;109,6;109,9;-0,3;9,5;-0,001;0,036;;;;;;;;
111120;091700;7;0188;Belegtes Gebäck;0,17831;115,2;115,0;0,2;12,3;0,000;0,022;;;;;;;;
111120;091800;7;0214;Kebab, Imbissstand;0,22787;120,2;119,6;0,5;14,0;0,001;0,032;;;;;;;;
111120;091900;7;0215;Getränk, Imbissstand;0,31200;115,2;115,0;0,2;10,6;0,001;0,033;;;;;;;;
111120;092000;7;0217;Fast Food;0,25185;119,0;111,5;6,7;17,2;0,017;0,043;;;;;;;;
111120;092400;7;0460;Essen auf Rädern;0,10579;106,2;106,2;0,0;3,4;0,000;0,004;;;;;;;;
111120;093100;7;0195;Würstel, Imbissstand;0,20266;117,7;117,8;-0,1;13,6;0,000;0,028;;;;;;;;
1112;;3;;Kantinen;0,64461;108,1;107,1;0,9;6,3;0,006;0,041;;;;;;;;
11120;;4;;Kantinen, Mensen;0,64461;108,1;107,1;0,9;6,3;0,006;0,041;;;;;;;;
111200;096200;7;0461;Kantinenmenü;0,32421;109,3;108,3;0,9;7,3;0,003;0,024;;;;;;;;
111200;096300;7;0462;Snack;0,09837;113,8;110,6;2,9;11,7;0,003;0,012;;;;;;;;
111200;096400;7;0465;Mittagessen Schule / Kindergarten;0,22203;103,6;103,6;0,0;2,3;0,000;0,005;;;;;;;;
112;;2;;Beherbergungsdienstleistungen;1,62509;124,5;120,7;3,1;10,7;0,052;0,180;;;;;;;;
1120;;3;;Beherbergungsdienstleistungen;1,62509;124,5;120,7;3,1;10,7;0,052;0,180;;;;;;;;
11201;;4;;Hotels, Motels, Gasthöfe u. ä. Beherbergungsdienstleistungen;1,05229;121,4;118,0;2,9;11,7;0,029;0,123;;;;;;;;
112010;096600;7;0457;Hotel, 4/5-Stern;0,21133;137,8;128,2;7,5;20,8;0,018;0,049;;;;;;;;
112010;096900;7;0836;Zimmer mit Frühstück, 4/5-Stern;0,23777;113,5;111,5;1,8;6,5;0,004;0,014;;;;;;;;
112010;097000;7;0837;Zimmer mit Frühstück, 3-Stern;0,33228;117,1;116,2;0,8;13,2;0,002;0,042;;;;;;;;
112010;097100;7;0839;Privatzimmer im Inland;0,06468;118,0;116,3;1,5;9,5;0,001;0,006;;;;;;;;
112010;097400;7;0871;Wellnesshotel;0,20623;112,1;109,8;2,1;5,7;0,004;0,012;;;;;;;;
11202;;4;;Ferienzentr., Campingpl., Jugendherb. u. ä. Beherbergungs-DL;0,51703;132,8;127,5;4,2;9,5;0,023;0,054;;;;;;;;
112020;097200;7;0844;Ferienwohnung;0,14559;116,7;109,6;6,5;9,3;0,009;0,013;;;;;;;;
112020;097300;7;0853;Übernachtung im Ausland;0,37144;137,7;133,1;3,5;9,7;0,014;0,041;;;;;;;;
11203;;4;;Beherbergungsdienstleistungen von anderen Einrichtungen;0,05577;107,0;107,0;0,0;4,9;0,000;0,003;;;;;;;;
112030;096800;7;0819;Studentenheim;0,05577;107,0;107,0;0,0;4,9;0,000;0,003;;;;;;;;
12;;1;;VERSCHIEDENE WAREN, DIENSTLEISTUNGEN;8,82586;103,7;103,6;0,1;2,3;0,007;0,206;;;;;;;;
121;;2;;Körperpflege;2,41208;103,6;103,6;0,0;3,0;0,002;0,075;;;;;;;;
1211;;3;;Friseur- u. Kosmetiksalons u. a. Einrichtungen f. d. Körperpflege;1,08873;108,1;107,8;0,3;5,0;0,004;0,054;;;;;;;;
12111;;4;;Friseurleistungen für Männer und Kinder;0,12995;107,7;107,6;0,1;3,9;0,000;0,005;;;;;;;;
121110;098400;7;0381;Herrenhaarschnitt;0,12995;107,7;107,6;0,1;3,9;0,000;0,005;;;;;;;;
12112;;4;;Friseurleistungen für Frauen;0,53683;107,0;106,7;0,3;3,7;0,002;0,020;;;;;;;;
121120;098000;7;0377;Damenhaarschnitt;0,35072;105,8;105,5;0,3;3,2;0,001;0,012;;;;;;;;
121120;098200;7;0379;Haarfärben;0,18611;109,3;109,0;0,3;4,5;0,001;0,009;;;;;;;;
12113;;4;;Dienstleistungen für die Körperpflege;0,42195;109,6;109,2;0,4;6,8;0,002;0,029;;;;;;;;
121130;097500;7;0166;Handpflege / Maniküre;0,08277;110,6;110,1;0,5;7,5;0,000;0,006;;;;;;;;
121130;097600;7;0180;Fußpflege / Pediküre;0,06980;111,1;110,2;0,8;7,6;0,001;0,005;;;;;;;;
121130;097700;7;0181;Massage;0,11556;109,3;109,3;0,0;6,6;0,000;0,008;;;;;;;;
121130;097800;7;0182;Gesichtsbehandlung;0,15382;108,8;108,3;0,5;6,4;0,001;0,010;;;;;;;;
1212;;3;;Elektrische Geräte für die Körperpflege;0,04821;107,6;106,4;1,1;6,1;0,000;0,003;;;;;;;;
12121;;4;;Elektrische Geräte für die Körperpflege;0,04821;107,6;106,4;1,1;6,1;0,000;0,003;;;;;;;;
121210;098800;7;0266;Elektrische Zahnbürste / Dentalcenter;0,02198;113,6;112,6;0,9;10,9;0,000;0,002;;;;;;;;
121210;098900;7;0281;Elektrischer Rasierapparat;0,02623;102,7;101,5;1,2;2,4;0,000;0,001;;;;;;;;
1213;;3;;Andere Erzeugnisse für die Körperpflege;1,27514;99,8;100,0;-0,2;1,3;-0,002;0,018;;;;;;;;
12131;;4;;Nichtelektrische Geräte für die Körperpflege;0,09106;98,3;97,9;0,4;-1,5;0,000;-0,001;;;;;;;;
121310;100100;7;0361;Zahnbürste;0,03386;99,0;98,6;0,4;1,0;0,000;0,000;;;;;;;;
121310;101000;7;0520;Rasierklingen;0,05720;97,9;97,5;0,4;-2,9;0,000;-0,002;;;;;;;;
12132;;4;;Hygiene- und Gesundheitsprod., Esoterik- u. Schönheitsprod.;1,18408;99,9;100,2;-0,3;1,5;-0,002;0,019;;;;;;;;
121320;099100;7;0346;Haartönung;0,05783;98,7;100,4;-1,7;-0,2;-0,001;0,000;;;;;;;;
121320;099200;7;0347;Haarshampoo;0,10223;98,2;98,2;0,0;-0,1;0,000;0,000;;;;;;;;
121320;099300;7;0348;Ganzkörperpflegecreme;0,10461;91,9;92,3;-0,4;-2,8;0,000;-0,003;;;;;;;;
121320;099400;7;0349;Tampons;0,05702;93,8;94,1;-0,3;6,2;0,000;0,003;;;;;;;;
121320;099600;7;0357;Gesichtscreme;0,20321;98,2;97,9;0,3;-2,7;0,001;-0,006;;;;;;;;
121320;099700;7;0358;Eau de Toilette;0,10488;107,2;107,2;0,0;6,5;0,000;0,007;;;;;;;;
121320;099800;7;0359;Make up;0,04481;102,9;103,2;-0,3;2,6;0,000;0,001;;;;;;;;
121320;099900;7;0362;Wimperntusche;0,06314;97,7;103,4;-5,5;-3,5;-0,003;-0,002;;;;;;;;
121320;100000;7;0360;Zahncreme;0,09278;102,1;102,4;-0,3;-0,1;0,000;0,000;;;;;;;;
121320;100400;7;0364;Duschgel;0,11214;96,5;96,9;-0,4;0,3;0,000;0,000;;;;;;;;
121320;100500;7;0365;Toilettenpapier;0,07835;118,6;118,4;0,2;19,9;0,000;0,016;;;;;;;;
121320;100600;7;0366;Papiertaschentücher;0,03681;113,7;112,3;1,2;14,8;0,000;0,006;;;;;;;;
121320;100700;7;0367;Wegwerfwindeln;0,05473;91,4;91,8;-0,4;-5,6;0,000;-0,003;;;;;;;;
121320;100800;7;0369;Babyfeuchttücher;0,02912;96,5;97,3;-0,8;-2,3;0,000;-0,001;;;;;;;;
121320;100900;7;0429;Deodorant;0,04242;96,5;93,6;3,1;1,7;0,001;0,001;;;;;;;;
123;;2;;Persönliche Gebrauchsgegenstände, a.n.g.;0,73554;108,4;108,5;-0,1;7,9;0,000;0,056;;;;;;;;
1231;;3;;Schmuck und Uhren;0,31743;111,7;111,7;0,0;4,6;0,000;0,015;;;;;;;;
12311;;4;;Schmuck;0,22460;115,0;115,0;0,0;5,6;0,000;0,013;;;;;;;;
123110;101200;7;0764;Ehering / Ring;0,15857;116,9;116,9;0,0;5,1;0,000;0,008;;;;;;;;
123110;101400;7;0765;Halskette;0,06603;110,6;110,6;0,0;7,0;0,000;0,005;;;;;;;;
12312;;4;;Uhren;0,09283;104,3;104,3;0,0;2,1;0,000;0,002;;;;;;;;
123120;101600;7;0767;Damenarmbanduhr;0,09283;104,3;104,3;0,0;2,1;0,000;0,002;;;;;;;;
1232;;3;;Sonstige persönliche Gebrauchsgüter;0,41811;105,4;105,5;-0,1;10,6;0,000;0,041;;;;;;;;
12321;;4;;Reiseartikel;0,21497;105,6;105,8;-0,2;14,3;0,000;0,027;;;;;;;;
123210;101700;7;0333;Rucksack;0,01846;112,6;115,0;-2,1;6,6;0,000;0,001;;;;;;;;
123210;101900;7;0342;Damenhandtasche;0,10784;99,7;100,6;-0,9;13,8;-0,001;0,012;;;;;;;;
123210;102200;7;0345;Trolley;0,08867;111,3;110,1;1,1;16,8;0,001;0,014;;;;;;;;
12322;;4;;Babyartikel;0,04763;106,5;106,6;-0,1;11,4;0,000;0,005;;;;;;;;
123220;102400;7;0753;Kinderbuggy;0,04763;106,5;106,6;-0,1;11,4;0,000;0,005;;;;;;;;
12329;;4;;Andere persönliche Gebrauchsgegenstände, a.n.g.;0,15551;105,2;105,3;-0,1;5,7;0,000;0,009;;;;;;;;
123290;101800;7;0341;Damenschirm;0,05836;101,5;102,0;-0,5;4,5;0,000;0,003;;;;;;;;
123290;102300;7;0489;Sarg;0,09715;107,5;107,5;0,0;6,3;0,000;0,006;;;;;;;;
124;;2;;Sozialschutz;0,76937;104,1;104,1;0,0;1,4;0,000;0,011;;;;;;;;
1240;;3;;Dienstleistungen sozialer Einrichtungen;0,76937;104,1;104,1;0,0;1,4;0,000;0,011;;;;;;;;
12401;;4;;Kinderbetreuung;0,18647;100,8;100,8;0,0;0,0;0,000;0,000;;;;;;;;
124010;102600;7;0441;Nachmittagsbetreuung öffentlich;0,17287;99,9;99,9;0,0;-0,2;0,000;0,000;;;;;;;;
124010;102700;7;0443;Kinderkrippe;0,00953;105,4;105,4;0,0;1,3;0,000;0,000;;;;;;;;
124010;102800;7;0447;Tagesmutter;0,00407;106,2;106,2;0,0;5,0;0,000;0,000;;;;;;;;
12402;;4;;Alten- und Behindertenheime;0,22322;107,1;107,1;0,0;3,0;0,000;0,007;;;;;;;;
124020;;S;;Wohnplatz Senioren (3 Positionen);0,22322;107,1;107,1;0,0;3,0;0,000;0,007;;;;;;;;
12403;;4;;Dienstleistungen der häuslichen Alten- und Behindertenpflege;0,35968;104,0;104,0;0,0;1,2;0,000;0,004;;;;;;;;
124030;103000;7;0459;Heim-, Pflege-, Altenhilfe;0,12553;109,3;109,3;0,0;3,4;0,000;0,004;;;;;;;;
124030;103100;7;0549;24-Stunden-Betreuung;0,23415;101,2;101,2;0,0;-0,1;0,000;0,000;;;;;;;;
125;;2;;Versicherungen;4,18215;102,4;102,3;0,1;0,9;0,005;0,041;;;;;;;;
1252;;3;;Versicherungen im Zusammenhang mit der Wohnung;0,97629;101,7;101,7;0,0;1,3;0,000;0,012;;;;;;;;
12520;;4;;Versicherungsdienstl. im Zusammenh. m. d. Wohnung;0,97629;101,7;101,7;0,0;1,3;0,000;0,012;;;;;;;;
125200;103700;7;0560;Eigenheimbündelversicherung;0,65274;103,4;103,4;0,0;3,1;0,000;0,021;;;;;;;;
125200;103800;7;0710;Hausratsversicherung;0,32355;98,2;98,2;0,0;-2,5;0,000;-0,008;;;;;;;;
1253;;3;;Versicherungen im Zusammenhang mit der Gesundheit;1,60207;103,8;103,8;0,0;1,2;0,000;0,019;;;;;;;;
12532;;4;;Private Versicherungsdienstl. im Zusammenh. m. d. Gesundheit;1,60207;103,8;103,8;0,0;1,2;0,000;0,019;;;;;;;;
125320;104190;7;1071;Unfallversicherung;0,53518;102,7;102,7;0,0;1,8;0,000;0,010;;;;;;;;
125321;;S;;Private Krankenversicherung;1,06689;104,3;104,3;0,0;0,9;0,000;0,009;;;;;;;;
1254;;3;;Versicherungen im Zusammenhang mit dem Verkehr;1,44742;100,9;100,8;0,1;0,0;0,000;0,000;;;;;;;;
12541;;4;;Kraftfahrzeugversicherungen;1,44742;100,9;100,8;0,1;0,0;0,000;0,000;;;;;;;;
125410;104200;7;0923;Autorechtsschutzversicherung;0,03475;107,1;106,0;1,0;5,8;0,000;0,002;;;;;;;;
125410;104300;7;0924;Motorradhaftpflichtversicherung;0,03920;101,8;101,8;0,0;0,7;0,000;0,000;;;;;;;;
125411;;S;;Haftpflichtversicherung (5 Positionen);1,19709;100,7;100,7;0,0;-0,4;0,000;-0,005;;;;;;;;
125412;;S;;Teilkaskoversicherung (5 Positionen);0,17638;100,2;100,2;0,0;1,0;0,000;0,002;;;;;;;;
1255;;3;;Sonstige Versicherungen;0,15637;108,7;105,2;3,3;6,6;0,005;0,011;;;;;;;;
12550;;4;;Andere Versicherungsdienstleistungen;0,15637;108,7;105,2;3,3;6,6;0,005;0,011;;;;;;;;
125500;105600;7;0901;Rechtsschutzversicherung;0,15637;108,7;105,2;3,3;6,6;0,005;0,011;;;;;;;;
126;;2;;Finanzdienstleistungen, a.n.g.;0,11663;105,6;105,6;0,0;3,4;0,000;0,004;;;;;;;;
1262;;3;;Finanzdienstleistungen, a.n.g.;0,11663;105,6;105,6;0,0;3,4;0,000;0,004;;;;;;;;
12621;;4;;Gebühren für die Finanzdienstleistungen von Banken und Postsparkassen;0,11663;105,6;105,6;0,0;3,4;0,000;0,004;;;;;;;;
126210;105700;7;0870;Depotgebühren;0,03637;104,9;104,9;0,0;2,8;0,000;0,001;;;;;;;;
126211;;S;;Bankgebühren, Kreditkarte (3 Positionen);0,08026;106,0;106,0;0,0;3,8;0,000;0,003;;;;;;;;
127;;2;;Sonstige Dienstleistungen, a.n.g.;0,61009;105,4;105,4;0,0;3,0;0,000;0,019;;;;;;;;
1270;;3;;Andere Dienstleistungen, a.n.g.;0,61009;105,4;105,4;0,0;3,0;0,000;0,019;;;;;;;;
12701;;4;;Verwaltungsgebühren;0,09317;100,0;100,0;0,0;0,0;0,000;0,000;;;;;;;;
127010;106500;7;0835;Reisepass, Ausstellungsgebühr;0,09317;100,0;100,0;0,0;0,0;0,000;0,000;;;;;;;;
12702;;4;;Juristische Dienstleistungen und Buchführung;0,09651;103,4;103,4;0,0;2,5;0,000;0,002;;;;;;;;
127020;106300;7;0553;Rechtsanwalt;0,09651;103,4;103,4;0,0;2,5;0,000;0,002;;;;;;;;
12703;;4;;Begräbnisse;0,37567;106,4;106,4;0,0;3,5;0,000;0,013;;;;;;;;
127030;106100;7;0488;Begräbniskosten, Dienstleistung;0,18722;107,5;107,5;0,0;5,3;0,000;0,010;;;;;;;;
127030;106200;7;0490;Friedhofsgebühr;0,18845;105,4;105,4;0,0;1,7;0,000;0,003;;;;;;;;
12704;;4;;Andere Gebühren und Leistungsentgelte;0,04474;112,4;112,4;0,0;5,7;0,000;0,003;;;;;;;;
127040;106400;7;0554;Vermittlergebühren, Mietwohnung;0,04474;112,4;112,4;0,0;5,7;0,000;0,003;;;;;;;;
A;;S;;Industriegüter;28,97759;108,7;108,5;0,2;8,3;0,043;2,334;;;;;;;;
A1;;S;;Kurzlebige- und Industriegüter;10,23069;113,6;112,3;1,2;10,0;0,121;1,035;;;;;;;;
A2;;S;;Halbdauerhafte Industriegüter;8,49182;97,4;98,8;-1,4;3,9;-0,109;0,290;;;;;;;;
A3;;S;;Dauerhafte Industriegüter;10,25508;113,4;113,0;0,4;9,9;0,031;1,009;;;;;;;;
AE;;S;;Industriegüter und Energie;36,40502;118,3;119,3;-0,8;14,6;-0,305;5,241;;;;;;;;
AG;;S;;Güter;51,16352;116,6;117,0;-0,3;13,6;-0,186;6,879;;;;;;;;
E;;S;;Energie;7,42743;159,1;165,2;-3,7;39,9;-0,348;2,907;;;;;;;;
E1;;S;;Elektrizität, Gas, feste Brennstoffe, Fernwärme;3,65265;136,9;132,1;3,6;29,2;0,145;1,024;;;;;;;;
E2;;S;;Mineralölprodukte;3,77478;180,1;198,4;-9,2;50,1;-0,493;1,884;;;;;;;;
EH;;S;;Einzelhandel;49,80399;114,9;115,5;-0,5;12,4;-0,280;6,138;;;;;;;;
EHO;;S;;Einzelhandel ohne Brenn- und Treibstoffe;45,60835;109,5;109,0;0,5;9,0;0,166;3,987;;;;;;;;
ENOGS;;S;;Energie ohne Gas und Schmierstoffe;6,90419;155,6;162,6;-4,3;36,5;-0,366;2,497;;;;;;;;
ENOSCH;;S;;Energie ohne Schmiermittel;7,56166;158,0;164,0;-3,7;39,2;-0,347;2,909;;;;;;;;
EoTR;;S;;Energie ohne Treibstoffe;4,21319;145,6;141,6;2,8;35,3;0,133;1,434;;;;;;;;
F;;S;;Lebensmittel, Tabak, Alkohol;14,75850;112,4;111,6;0,7;11,0;0,119;1,638;;;;;;;;
F1;;S;;Verarbeitete Lebensmittel und Alkohol;9,85654;111,7;110,7;0,9;10,7;0,089;1,064;;;;;;;;
F2;;S;;Saisonwaren;2,57707;112,0;111,5;0,4;9,1;0,013;0,235;;;;;;;;
F3;;S;;Fleisch- und Wurstwaren;2,32489;116,1;115,2;0,8;14,3;0,017;0,340;;;;;;;;
IERN;;S;;Index für Ernährung;10,12065;114,0;112,8;1,1;13,0;0,109;1,320;;;;;;;;
IMIETE;;S;;Index für Miete;8,22256;103,9;103,5;0,4;3,0;0,027;0,251;;;;;;;;
IOALKG;;S;;Index ohne alkoholische Getränke;98,44555;112,7;112,7;0,0;9,4;-0,007;9,214;;;;;;;;
IOEGT;;S;;Index ohne Ernährung, Getränke, Tabak;85,24150;112,6;112,7;-0,1;9,0;-0,126;7,651;;;;;;;;
IOENER;;S;;Index ohne Energie;92,57257;109,1;108,7;0,4;6,9;0,341;6,382;;;;;;;;
IOERN;;S;;Index ohne Ernährung;89,87935;112,4;112,5;-0,1;8,9;-0,116;7,969;;;;;;;;
IOGETR;;S;;Index ohne Getränke;97,22038;112,6;112,6;0,0;9,2;-0,016;9,039;;;;;;;;
IOMIET;;S;;Index ohne Miete;91,77744;113,4;113,4;0,0;9,9;-0,034;9,038;;;;;;;;
IOSAIS;;S;;Index ohne Saisonwaren;98,41984;112,5;112,5;0,0;9,2;0,002;9,162;;;;;;;;
IOSTR;;S;;Index ohne Schmier- und Treibstoffe;96,62007;110,6;110,1;0,5;8,1;0,473;7,812;;;;;;;;
IOWOHN;;S;;Index ohne Wohnen;85,88018;112,8;113,0;-0,2;9,5;-0,200;8,122;;;;;;;;
ISAIS;;S;;Index der Saisonwaren;1,58016;113,4;114,1;-0,6;8,1;-0,009;0,127;;;;;;;;
ITREIB;;S;;Index der Treibstoffe;3,34847;172,9;192,9;-10,4;44,0;-0,480;1,475;;;;;;;;
IWOHN;;S;;Index für Wohnen;14,11982;111,2;109,7;1,4;8,1;0,193;1,167;;;;;;;;
MIKROW;;S;;Mikrowarenkorb;3,71039;114,5;113,8;0,6;11,2;0,022;0,415;;;;;;;;
MINIW;;S;;Miniwarenkorb;15,81746;123,2;126,2;-2,4;15,9;-0,401;2,520;;;;;;;;
O451120;;S;;Einzelhandel mit Kraftwagen mit einem Gesamtgewicht von 3,5 t oder weniger;3,48654;120,7;119,8;0,8;16,3;0,020;0,550;;;;;;;;
O452000;;S;;Instandhaltung und Reparatur von Kraftwagen;1,60138;110,4;110,1;0,3;5,4;0,005;0,089;;;;;;;;
O453200;;S;;Einzelhandel mit Kraftwagenteilen und -zubehör;0,53610;108,3;107,8;0,5;9,0;0,002;0,049;;;;;;;;
O454000;;S;;"Handel mit Krafträdern, Kraftradteilen und -zubehör; Instandhaltung und Reparatur von Krafträd";0,57001;111,1;111,1;0,0;8,0;0,001;0,045;;;;;;;;
O472100;;S;;Einzelhandel mit Obst, Gemüse und Kartoffeln;2,22779;112,0;112,0;0,0;8,2;0,000;0,182;;;;;;;;
O472200;;S;;Einzelhandel mit Fleisch und Fleischwaren;2,32489;116,1;115,2;0,8;14,3;0,017;0,340;;;;;;;;
O472300;;S;;Einzelhandel mit Fisch, Meeresfrüchten und Fischerzeugnissen;0,34928;111,9;108,0;3,6;14,8;0,013;0,053;;;;;;;;
O472400;;S;;Einzelhandel mit Back- und Süßwaren;2,26587;110,8;109,6;1,1;9,6;0,025;0,215;;;;;;;;
O472500;;S;;Einzelhandel mit Getränken;2,26989;108,0;108,6;-0,6;6,4;-0,010;0,152;;;;;;;;
O472600;;S;;Einzelhandel mit Tabakwaren;1,85823;107,8;107,7;0,1;3,6;0,001;0,068;;;;;;;;
O472900;;S;;Sonstiger Einzelhandel mit Nahrungs- und Genussmitteln;3,51575;116,5;114,3;1,9;18,2;0,073;0,635;;;;;;;;
O473000;;S;;Einzelhandel mit Motorenkraftstoffen (Tankstellen);3,37993;172,2;192,0;-10,3;43,6;-0,480;1,477;;;;;;;;
O474100;;S;;Einzelhandel mit Datenverarbeitungsgeräten, peripheren Geräten und Software;0,54553;103,9;104,5;-0,6;-2,0;-0,004;-0,012;;;;;;;;
O474200;;S;;Einzelhandel mit Telekommunikationsgeräten;0,41546;90,0;91,0;-1,1;-6,5;-0,004;-0,028;;;;;;;;
O474300;;S;;Einzelhandel mit Geräten der Unterhaltungselektronik;0,42124;97,4;96,1;1,4;-3,8;0,005;-0,015;;;;;;;;
O475100;;S;;Einzelhandel mit Textilien;0,25583;106,2;102,2;3,9;8,3;0,009;0,021;;;;;;;;
O475200;;S;;Einzelhandel mit Metallwaren, Anstrichmitteln, Bau- und Heimwerkerbedarf;3,49098;120,8;116,4;3,8;18,4;0,137;0,642;;;;;;;;
O475300;;S;;Einzelhandel mit Vorhängen, Teppichen, Fußbodenbelägen und Tapeten;0,38383;121,9;112,1;8,7;18,5;0,035;0,073;;;;;;;;
O475400;;S;;Einzelhandel mit elektrischen Haushaltsgeräten;1,13719;112,0;109,1;2,7;9,4;0,030;0,106;;;;;;;;
O475910;;S;;Einzelhandel mit Musikinstrumenten und Musikalien;0,14143;105,4;105,4;0,0;1,2;0,000;0,002;;;;;;;;
O475920;;S;;Einzelhandel mit Wohnmöbeln;3,25790;111,9;112,9;-0,9;9,4;-0,033;0,318;;;;;;;;
O475990;;S;;Einzelhandel mit Einrichtungsgegenständen und Hausrat a.n.g.;1,16779;130,5;129,4;0,9;9,8;0,011;0,115;;;;;;;;
O476100;;S;;Einzelhandel mit Büchern;0,26783;100,2;102,4;-2,1;0,0;-0,005;0,001;;;;;;;;
O476200;;S;;Einzelhandel mit Zeitschriften, Zeitungen, Schreibwaren und Bürobedarf;0,84209;111,7;111,7;0,0;5,1;-0,001;0,042;;;;;;;;
O476300;;S;;Einzelhandel mit bespielten Ton- und Bildträgern;0,12659;83,2;83,2;0,0;0,0;0,000;0,000;;;;;;;;
O476400;;S;;Einzelhandel mit Fahrrädern, Sport- und Campingartikeln;1,31332;103,1;104,6;-1,4;8,6;-0,017;0,102;;;;;;;;
O476500;;S;;Einzelhandel mit Spielwaren;0,46431;105,3;104,6;0,7;4,1;0,002;0,020;;;;;;;;
O477100;;S;;Einzelhandel mit Bekleidung;3,58123;88,6;92,0;-3,7;0,1;-0,104;-0,010;;;;;;;;
O477210;;S;;Einzelhandel mit Schuhen;0,50207;93,4;96,9;-3,6;3,9;-0,017;0,015;;;;;;;;
O477220;;S;;Einzelhandel mit Leder- und Taschnerwaren;0,25487;104,2;104,2;0,0;12,5;0,000;0,029;;;;;;;;
O477300;;S;;Apotheken;0,88164;107,8;108,4;-0,6;3,4;-0,005;0,031;;;;;;;;
O477400;;S;;Einzelhandel mit medizinischen und orthopädischen Artikeln;0,19697;109,7;110,0;-0,3;6,2;-0,001;0,012;;;;;;;;
O477500;;S;;Einzelhandel mit kosmetischen Erzeugnissen und Körperpflegemitteln;2,01207;101,8;101,9;-0,1;3,4;0,000;0,069;;;;;;;;
O477610;;S;;Einzelhandel mit Blumen, Pflanzen, Sämereien, Düngemitteln, Blumenbinderei;0,78568;110,5;111,0;-0,5;9,0;-0,004;0,072;;;;;;;;
O477620;;S;;Einzelhandel mit zoologischem Bedarf und lebenden Tieren;0,53702;113,0;111,5;1,3;13,8;0,008;0,075;;;;;;;;
O477700;;S;;Einzelhandel mit Uhren und Schmuck;0,31743;111,7;111,7;0,0;4,6;0,000;0,015;;;;;;;;
O477810;;S;;Einzelhandel mit Fotoartikeln, optischen und feinmechanischen Artikeln;0,59488;101,7;101,7;0,0;1,2;0,001;0,008;;;;;;;;
O477820;;S;;Einzelhandel mit Brennstoffen;0,38526;174,3;160,2;8,8;72,4;0,046;0,263;;;;;;;;
PKW;;S;;PKW-Index;12,07419;127,2;131,7;-3,4;18,1;-0,452;2,181;;;;;;;;
S;;S;;Dienstleistungen;48,83648;108,4;108,0;0,4;4,9;0,179;2,410;;;;;;;;
S1;;S;;Verkehrsdienstleistungen;7,50313;107,5;107,2;0,3;2,5;0,017;0,194;;;;;;;;
S2;;S;;Dienstleistungen zur Wohnung;11,97445;105,6;104,9;0,7;4,0;0,074;0,499;;;;;;;;
S3;;S;;Reisen und Unterkunft;3,93410;120,5;120,1;0,3;6,8;0,011;0,263;;;;;;;;
S4;;S;;Restaurants und Dienstleistungen Freizeit;16,18502;111,3;110,8;0,5;7,8;0,074;1,289;;;;;;;;
S5;;S;;Kommunikationsdienstleistungen;1,62972;97,2;97,4;-0,2;-0,2;-0,003;-0,003;;;;;;;;
S6;;S;;Dienstleistungen zu Gesundheit, Erziehung,...;7,61006;104,1;104,0;0,1;2,2;0,006;0,167;;;;;;;;
SAISES;;S;;Index der Saisonwaren nach EUROSTAT-Definition;2,57707;112,0;111,5;0,4;9,1;0,013;0,235;;;;;;;;
TARIFE;;S;;Index für Tarife und Gebühren;8,03928;103,0;103,1;-0,1;2,2;-0,001;0,182;;;;;;;;
;;;;;;;;;;;;;;;;;;;
"Q: Statistik Austria. - Monatliche Preiserhebungen. - 1) Classification Of Individual Consumption by Purpose - Klassifikation nach dem Konsumzweck, seit 1999 international für volkswirtschaftliche und sozialstatistische Gebiete verwendet. - 2) Vorläufige Zahlen. - 3) Endgültige Zahlen. - 4) Der Einfluss berücksichtigt das Gewicht der betreffenden Position im Gesamtindex, während sich die „Veränderung gegenüber ...+/- %"" lediglich auf die miteinander verglichenen Messzahlen bezieht. - 5) Position basiert auf Dezember 2020. - 6) Position basiert auf Dezember 2021.";;;;;;;;;;;;;;;;;;;
;;;;;;;;;;;;;;;;;;;
;;;;;;;;;;;;;;;;;;;
;;;;;;;;;;;;;;;;;;;
Bundesanstalt Statistik Österreich, A-1110 Wien, Guglgasse 13, www.statistik.at;;;;;;;;;;;;;;;;;;;
Die Dateien sind urheberrechtlich geschützt, ihre Weiterverarbeitung ist nur in bearbeiteter Form mit Quellenangabe (STATISTIK AUSTRIA) gestattet. ;;;;;;;;;;;;;;;;;;;
Alle sonstigen Urheberrechte sind der STATISTIK AUSTRIA vorbehalten.;;;;;;;;;;;;;;;;;;;
Indexauskunft:  (01) 711 28 / 7645 DW, Mo. - Fr.: 9 - 16 Uhr;;;;;;;;;;;;;;;;;;;
FAX: (01) 718 07 18  -  Tonbandkundendienst: 0800 / 501544  -  vpi@statistik.gv.at;;;;;;;;;;;;;;;;;;;
